date,name,price,type
2022-08-07,青岛威斯汀酒店;TheWestinQingdao,"1,849",万豪
2022-08-07,青岛瑞吉酒店;TheSt.RegisQingdao,"3,038",万豪
2022-08-07,青岛李沧绿城喜来登酒店;SheratonQingdaoLicangHotel,789,万豪
2022-08-07,黄岛泰成喜来登酒店;SheratonHuangdaoHotel,"1,108",万豪
2022-08-07,"青岛城阳宝龙福朋喜来登酒店;FourPointsbySheratonQingdao,Chengyang",607,万豪
2022-08-07,青岛胶州绿城喜来登酒店;SheratonQingdaoJiaozhouHotel,529,万豪
2022-08-07,青岛天一仁和智选假日酒店,472.62,万州
2022-08-07,青岛金水智选假日酒店,0,万州
2022-08-07,青岛金水皇冠假日酒店,0,万州
2022-08-07,青岛金水套房假日酒店,0,万州
2022-08-07,青岛国际院士港华邑酒店,1017.15,万州
2022-08-07,青岛国际院士港voco酒店,0,万州
2022-08-07,青岛世园假日酒店,677.12,万州
2022-08-07,青岛国际创新园智选假日酒店,0,万州
2022-08-07,青岛中心假日酒店,0,万州
2022-08-07,青岛中心智选假日酒店,788.24,万州
2022-08-07,青岛颐中皇冠假日酒店,0,万州
2022-08-07,青岛海尔洲际酒店,0,万州
2022-08-07,青岛海泉湾皇冠假日度假酒店,531.76,万州
2022-08-07,青岛西海岸智选假日酒店,0,万州
2022-08-07,青岛东方影都皇冠假日酒店,0,万州
2022-08-08,青岛威斯汀酒店;TheWestinQingdao,"2,269",万豪
2022-08-08,青岛瑞吉酒店;TheSt.RegisQingdao,"3,332",万豪
2022-08-08,青岛富力艾美酒店;LeMéridienQingdao,"1,371",万豪
2022-08-08,黄岛泰成喜来登酒店;SheratonHuangdaoHotel,"16,388",万豪
2022-08-08,"青岛城阳宝龙福朋喜来登酒店;FourPointsbySheratonQingdao,Chengyang",672,万豪
2022-08-08,青岛胶州绿城喜来登酒店;SheratonQingdaoJiaozhouHotel,587,万豪
2022-08-08,青岛天一仁和智选假日酒店,551.52,万州
2022-08-08,青岛金水智选假日酒店,0,万州
2022-08-08,青岛金水皇冠假日酒店,0,万州
2022-08-08,青岛金水套房假日酒店,0,万州
2022-08-08,青岛国际院士港华邑酒店,982.85,万州
2022-08-08,青岛国际院士港voco酒店,0,万州
2022-08-08,青岛世园假日酒店,779.24,万州
2022-08-08,青岛国际创新园智选假日酒店,0,万州
2022-08-08,青岛中心假日酒店,1395.64,万州
2022-08-08,青岛中心智选假日酒店,0,万州
2022-08-08,青岛颐中皇冠假日酒店,0,万州
2022-08-08,青岛海尔洲际酒店,0,万州
2022-08-08,青岛海泉湾皇冠假日度假酒店,623.76,万州
2022-08-08,青岛西海岸智选假日酒店,0,万州
2022-08-08,青岛东方影都皇冠假日酒店,0,万州
2022-08-09,青岛威斯汀酒店;TheWestinQingdao,"2,160",万豪
2022-08-09,青岛瑞吉酒店;TheSt.RegisQingdao,"2,744",万豪
2022-08-09,青岛富力艾美酒店;LeMéridienQingdao,"1,371",万豪
2022-08-09,黄岛泰成喜来登酒店;SheratonHuangdaoHotel,"1,343",万豪
2022-08-09,"青岛城阳宝龙福朋喜来登酒店;FourPointsbySheratonQingdao,Chengyang",831,万豪
2022-08-09,青岛胶州绿城喜来登酒店;SheratonQingdaoJiaozhouHotel,587,万豪
2022-08-09,青岛天一仁和智选假日酒店,551.52,万州
2022-08-09,青岛金水智选假日酒店,0,万州
2022-08-09,青岛金水皇冠假日酒店,0,万州
2022-08-09,青岛金水套房假日酒店,0,万州
2022-08-09,青岛国际院士港华邑酒店,1017.15,万州
2022-08-09,青岛国际院士港voco酒店,0,万州
2022-08-09,青岛世园假日酒店,0,万州
2022-08-09,青岛国际创新园智选假日酒店,0,万州
2022-08-09,青岛中心假日酒店,1395.64,万州
2022-08-09,青岛中心智选假日酒店,0,万州
2022-08-09,青岛颐中皇冠假日酒店,0,万州
2022-08-09,青岛海尔洲际酒店,2022.16,万州
2022-08-09,青岛海泉湾皇冠假日度假酒店,548.17,万州
2022-08-09,青岛西海岸智选假日酒店,0,万州
2022-08-09,青岛东方影都皇冠假日酒店,0,万州
2022-08-10,青岛威斯汀酒店;TheWestinQingdao,"2,177",万豪
2022-08-10,青岛瑞吉酒店;TheSt.RegisQingdao,"2,646",万豪
2022-08-10,青岛富力艾美酒店;LeMéridienQingdao,"1,430",万豪
2022-08-10,黄岛泰成喜来登酒店;SheratonHuangdaoHotel,"1,007",万豪
2022-08-10,"青岛城阳宝龙福朋喜来登酒店;FourPointsbySheratonQingdao,Chengyang",840,万豪
2022-08-10,"青岛西海岸隆和福朋喜来登酒店;FourPointsbySheratonQingdao,WestCoast",721,万豪
2022-08-10,青岛胶州绿城喜来登酒店;SheratonQingdaoJiaozhouHotel,587,万豪
2022-08-10,青岛西海岸威斯汀酒店;TheWestinQingdaoWestCoast,521,万豪
2022-08-10,青岛天一仁和智选假日酒店,551.52,万州
2022-08-10,青岛金水智选假日酒店,607.20,万州
2022-08-10,青岛金水皇冠假日酒店,864.80,万州
2022-08-10,青岛金水套房假日酒店,795.80,万州
2022-08-10,青岛国际院士港华邑酒店,864.50,万州
2022-08-10,青岛国际院士港voco酒店,0,万州
2022-08-10,青岛世园假日酒店,0,万州
2022-08-10,青岛国际创新园智选假日酒店,0,万州
2022-08-10,青岛中心假日酒店,1387.36,万州
2022-08-10,青岛中心智选假日酒店,0,万州
2022-08-10,青岛颐中皇冠假日酒店,0,万州
2022-08-10,青岛海尔洲际酒店,2185.92,万州
2022-08-10,青岛海泉湾皇冠假日度假酒店,548.17,万州
2022-08-10,青岛西海岸智选假日酒店,614.64,万州
2022-08-10,青岛东方影都皇冠假日酒店,895.03,万州
2022-08-11,青岛威斯汀酒店;TheWestinQingdao,"2,059",万豪
2022-08-11,青岛瑞吉酒店;TheSt.RegisQingdao,"2,646",万豪
2022-08-11,青岛富力艾美酒店;LeMéridienQingdao,"1,413",万豪
2022-08-11,黄岛泰成喜来登酒店;SheratonHuangdaoHotel,"1,217",万豪
2022-08-11,"青岛城阳宝龙福朋喜来登酒店;FourPointsbySheratonQingdao,Chengyang",821,万豪
2022-08-11,青岛西海岸隆和艾美度假酒店;LeMéridienQingdaoWestCoastResort,"1,519",万豪
2022-08-11,"青岛西海岸隆和福朋喜来登酒店;FourPointsbySheratonQingdao,WestCoast",721,万豪
2022-08-11,青岛胶州绿城喜来登酒店;SheratonQingdaoJiaozhouHotel,529,万豪
2022-08-11,青岛西海岸威斯汀酒店;TheWestinQingdaoWestCoast,597,万豪
2022-08-11,青岛天一仁和智选假日酒店,551.52,万州
2022-08-11,青岛金水智选假日酒店,607.20,万州
2022-08-11,青岛金水皇冠假日酒店,864.80,万州
2022-08-11,青岛金水套房假日酒店,795.80,万州
2022-08-11,青岛国际院士港华邑酒店,864.50,万州
2022-08-11,青岛国际院士港voco酒店,0,万州
2022-08-11,青岛世园假日酒店,756.01,万州
2022-08-11,青岛国际创新园智选假日酒店,0,万州
2022-08-11,青岛中心假日酒店,2784.14,万州
2022-08-11,青岛中心智选假日酒店,0,万州
2022-08-11,青岛颐中皇冠假日酒店,0,万州
2022-08-11,青岛海尔洲际酒店,2185.92,万州
2022-08-11,青岛海泉湾皇冠假日度假酒店,593.25,万州
2022-08-11,青岛西海岸智选假日酒店,614.64,万州
2022-08-11,青岛东方影都皇冠假日酒店,895.03,万州
2022-08-12,青岛威斯汀酒店;TheWestinQingdao,"2,151",万豪
2022-08-12,青岛瑞吉酒店;TheSt.RegisQingdao,"3,096",万豪
2022-08-12,青岛富力艾美酒店;LeMéridienQingdao,"1,508",万豪
2022-08-12,青岛李沧绿城喜来登酒店;SheratonQingdaoLicangHotel,969,万豪
2022-08-12,黄岛泰成喜来登酒店;SheratonHuangdaoHotel,"1,139",万豪
2022-08-12,"青岛城阳宝龙福朋喜来登酒店;FourPointsbySheratonQingdao,Chengyang",796,万豪
2022-08-12,"青岛西海岸隆和福朋喜来登酒店;FourPointsbySheratonQingdao,WestCoast",699,万豪
2022-08-12,青岛胶州绿城喜来登酒店;SheratonQingdaoJiaozhouHotel,512,万豪
2022-08-12,青岛西海岸威斯汀酒店;TheWestinQingdaoWestCoast,505,万豪
2022-08-12,青岛天一仁和智选假日酒店,551.52,万州
2022-08-12,青岛金水智选假日酒店,762.68,万州
2022-08-12,青岛金水皇冠假日酒店,1104.92,万州
2022-08-12,青岛金水套房假日酒店,932.88,万州
2022-08-12,青岛国际院士港华邑酒店,1104.63,万州
2022-08-12,青岛国际院士港voco酒店,0,万州
2022-08-12,青岛世园假日酒店,895.29,万州
2022-08-12,青岛国际创新园智选假日酒店,0,万州
2022-08-12,青岛中心假日酒店,2784.14,万州
2022-08-12,青岛中心智选假日酒店,0,万州
2022-08-12,青岛颐中皇冠假日酒店,0,万州
2022-08-12,青岛海尔洲际酒店,2257.68,万州
2022-08-12,青岛海泉湾皇冠假日度假酒店,593.25,万州
2022-08-12,青岛西海岸智选假日酒店,685.66,万州
2022-08-12,青岛东方影都皇冠假日酒店,1016.26,万州
2022-08-13,青岛威斯汀酒店;TheWestinQingdao,"2,118",万豪
2022-08-13,青岛瑞吉酒店;TheSt.RegisQingdao,"3,586",万豪
2022-08-13,青岛富力艾美酒店;LeMéridienQingdao,"1,492",万豪
2022-08-13,青岛李沧绿城喜来登酒店;SheratonQingdaoLicangHotel,967,万豪
2022-08-13,黄岛泰成喜来登酒店;SheratonHuangdaoHotel,829,万豪
2022-08-13,"青岛城阳宝龙福朋喜来登酒店;FourPointsbySheratonQingdao,Chengyang",796,万豪
2022-08-13,青岛西海岸隆和艾美度假酒店;LeMéridienQingdaoWestCoastResort,"1,065",万豪
2022-08-13,"青岛西海岸隆和福朋喜来登酒店;FourPointsbySheratonQingdao,WestCoast",699,万豪
2022-08-13,青岛胶州绿城喜来登酒店;SheratonQingdaoJiaozhouHotel,512,万豪
2022-08-13,青岛西海岸威斯汀酒店;TheWestinQingdaoWestCoast,867,万豪
2022-08-13,青岛天一仁和智选假日酒店,551.52,万州
2022-08-13,青岛金水智选假日酒店,762.68,万州
2022-08-13,青岛金水皇冠假日酒店,1104.92,万州
2022-08-13,青岛金水套房假日酒店,932.88,万州
2022-08-13,青岛国际院士港华邑酒店,0,万州
2022-08-13,青岛国际院士港voco酒店,0,万州
2022-08-13,青岛世园假日酒店,1120.69,万州
2022-08-13,青岛国际创新园智选假日酒店,0,万州
2022-08-13,青岛中心假日酒店,2784.14,万州
2022-08-13,青岛中心智选假日酒店,0,万州
2022-08-13,青岛颐中皇冠假日酒店,0,万州
2022-08-13,青岛海尔洲际酒店,2257.68,万州
2022-08-13,青岛海泉湾皇冠假日度假酒店,683.41,万州
2022-08-13,青岛西海岸智选假日酒店,685.66,万州
2022-08-13,青岛东方影都皇冠假日酒店,1016.26,万州
2022-08-14,青岛威斯汀酒店;TheWestinQingdao,"1,303",万豪
2022-08-14,青岛瑞吉酒店;TheSt.RegisQingdao,"3,087",万豪
2022-08-14,青岛富力艾美酒店;LeMéridienQingdao,883,万豪
2022-08-14,青岛李沧绿城喜来登酒店;SheratonQingdaoLicangHotel,721,万豪
2022-08-14,黄岛泰成喜来登酒店;SheratonHuangdaoHotel,805,万豪
2022-08-14,"青岛城阳宝龙福朋喜来登酒店;FourPointsbySheratonQingdao,Chengyang",703,万豪
2022-08-14,青岛西海岸隆和艾美度假酒店;LeMéridienQingdaoWestCoastResort,907,万豪
2022-08-14,"青岛西海岸隆和福朋喜来登酒店;FourPointsbySheratonQingdao,WestCoast",679,万豪
2022-08-14,青岛胶州绿城喜来登酒店;SheratonQingdaoJiaozhouHotel,503,万豪
2022-08-14,青岛西海岸威斯汀酒店;TheWestinQingdaoWestCoast,521,万豪
2022-08-14,青岛天一仁和智选假日酒店,362.16,万州
2022-08-14,青岛金水智选假日酒店,552.68,万州
2022-08-14,青岛金水皇冠假日酒店,678.90,万州
2022-08-14,青岛金水套房假日酒店,612.19,万州
2022-08-14,青岛国际院士港华邑酒店,0,万州
2022-08-14,青岛国际院士港voco酒店,0,万州
2022-08-14,青岛世园假日酒店,528.15,万州
2022-08-14,青岛国际创新园智选假日酒店,0,万州
2022-08-14,青岛中心假日酒店,2784.14,万州
2022-08-14,青岛中心智选假日酒店,709.33,万州
2022-08-14,青岛颐中皇冠假日酒店,0,万州
2022-08-14,青岛海尔洲际酒店,1453.00,万州
2022-08-14,青岛海泉湾皇冠假日度假酒店,521.12,万州
2022-08-14,青岛西海岸智选假日酒店,472.62,万州
2022-08-14,青岛东方影都皇冠假日酒店,858.74,万州
2022-08-15,青岛威斯汀酒店;TheWestinQingdao,"1,429",万豪
2022-08-15,青岛瑞吉酒店;TheSt.RegisQingdao,"2,940",万豪
2022-08-15,青岛富力艾美酒店;LeMéridienQingdao,"1,035",万豪
2022-08-15,青岛李沧绿城喜来登酒店;SheratonQingdaoLicangHotel,730,万豪
2022-08-15,黄岛泰成喜来登酒店;SheratonHuangdaoHotel,805,万豪
2022-08-15,"青岛城阳宝龙福朋喜来登酒店;FourPointsbySheratonQingdao,Chengyang",752,万豪
2022-08-15,青岛西海岸隆和艾美度假酒店;LeMéridienQingdaoWestCoastResort,907,万豪
2022-08-15,"青岛西海岸隆和福朋喜来登酒店;FourPointsbySheratonQingdao,WestCoast",679,万豪
2022-08-15,青岛胶州绿城喜来登酒店;SheratonQingdaoJiaozhouHotel,503,万豪
2022-08-15,青岛西海岸威斯汀酒店;TheWestinQingdaoWestCoast,521,万豪
2022-08-15,青岛天一仁和智选假日酒店,362.16,万州
2022-08-15,青岛金水智选假日酒店,552.68,万州
2022-08-15,青岛金水皇冠假日酒店,746.52,万州
2022-08-15,青岛金水套房假日酒店,645.55,万州
2022-08-15,青岛国际院士港华邑酒店,1276.16,万州
2022-08-15,青岛国际院士港voco酒店,0,万州
2022-08-15,青岛世园假日酒店,528.15,万州
2022-08-15,青岛国际创新园智选假日酒店,0,万州
2022-08-15,青岛中心假日酒店,1121.48,万州
2022-08-15,青岛中心智选假日酒店,512.07,万州
2022-08-15,青岛颐中皇冠假日酒店,0,万州
2022-08-15,青岛海尔洲际酒店,1548.00,万州
2022-08-15,青岛海泉湾皇冠假日度假酒店,521.12,万州
2022-08-15,青岛西海岸智选假日酒店,472.62,万州
2022-08-15,青岛东方影都皇冠假日酒店,858.74,万州
2022-08-16,青岛威斯汀酒店;TheWestinQingdao,"1,513",万豪
2022-08-16,青岛瑞吉酒店;TheSt.RegisQingdao,"2,940",万豪
2022-08-16,青岛富力艾美酒店;LeMéridienQingdao,"1,119",万豪
2022-08-16,青岛李沧绿城喜来登酒店;SheratonQingdaoLicangHotel,891,万豪
2022-08-16,黄岛泰成喜来登酒店;SheratonHuangdaoHotel,856,万豪
2022-08-16,"青岛城阳宝龙福朋喜来登酒店;FourPointsbySheratonQingdao,Chengyang",635,万豪
2022-08-16,青岛西海岸隆和艾美度假酒店;LeMéridienQingdaoWestCoastResort,907,万豪
2022-08-16,"青岛西海岸隆和福朋喜来登酒店;FourPointsbySheratonQingdao,WestCoast",679,万豪
2022-08-16,青岛胶州绿城喜来登酒店;SheratonQingdaoJiaozhouHotel,503,万豪
2022-08-16,青岛西海岸威斯汀酒店;TheWestinQingdaoWestCoast,521,万豪
2022-08-16,青岛天一仁和智选假日酒店,362.16,万州
2022-08-16,青岛金水智选假日酒店,552.68,万州
2022-08-16,青岛金水皇冠假日酒店,746.52,万州
2022-08-16,青岛金水套房假日酒店,645.55,万州
2022-08-16,青岛国际院士港华邑酒店,804.46,万州
2022-08-16,青岛国际院士港voco酒店,0,万州
2022-08-16,青岛世园假日酒店,742.90,万州
2022-08-16,青岛国际创新园智选假日酒店,0,万州
2022-08-16,青岛中心假日酒店,1121.48,万州
2022-08-16,青岛中心智选假日酒店,630.43,万州
2022-08-16,青岛颐中皇冠假日酒店,0,万州
2022-08-16,青岛海尔洲际酒店,1548.00,万州
2022-08-16,青岛海泉湾皇冠假日度假酒店,521.12,万州
2022-08-16,青岛西海岸智选假日酒店,472.62,万州
2022-08-16,青岛东方影都皇冠假日酒店,858.74,万州
2022-08-17,青岛威斯汀酒店;TheWestinQingdao,"1,513",万豪
2022-08-17,青岛瑞吉酒店;TheSt.RegisQingdao,"2,107",万豪
2022-08-17,青岛富力艾美酒店;LeMéridienQingdao,"1,119",万豪
2022-08-17,青岛李沧绿城喜来登酒店;SheratonQingdaoLicangHotel,842,万豪
2022-08-17,黄岛泰成喜来登酒店;SheratonHuangdaoHotel,856,万豪
2022-08-17,"青岛城阳宝龙福朋喜来登酒店;FourPointsbySheratonQingdao,Chengyang",703,万豪
2022-08-17,青岛西海岸隆和艾美度假酒店;LeMéridienQingdaoWestCoastResort,907,万豪
2022-08-17,"青岛西海岸隆和福朋喜来登酒店;FourPointsbySheratonQingdao,WestCoast",679,万豪
2022-08-17,青岛胶州绿城喜来登酒店;SheratonQingdaoJiaozhouHotel,755,万豪
2022-08-17,青岛西海岸威斯汀酒店;TheWestinQingdaoWestCoast,"1,133",万豪
2022-08-17,青岛天一仁和智选假日酒店,362.16,万州
2022-08-17,青岛金水智选假日酒店,563.96,万州
2022-08-17,青岛金水皇冠假日酒店,761.76,万州
2022-08-17,青岛金水套房假日酒店,658.72,万州
2022-08-17,青岛国际院士港华邑酒店,787.31,万州
2022-08-17,青岛国际院士港voco酒店,0,万州
2022-08-17,青岛世园假日酒店,568.10,万州
2022-08-17,青岛国际创新园智选假日酒店,0,万州
2022-08-17,青岛中心假日酒店,1121.48,万州
2022-08-17,青岛中心智选假日酒店,512.07,万州
2022-08-17,青岛颐中皇冠假日酒店,0,万州
2022-08-17,青岛海尔洲际酒店,1548.00,万州
2022-08-17,青岛海泉湾皇冠假日度假酒店,521.12,万州
2022-08-17,青岛西海岸智选假日酒店,472.62,万州
2022-08-17,青岛东方影都皇冠假日酒店,858.74,万州
2022-08-18,青岛威斯汀酒店;TheWestinQingdao,"1,513",万豪
2022-08-18,青岛瑞吉酒店;TheSt.RegisQingdao,"2,401",万豪
2022-08-18,青岛富力艾美酒店;LeMéridienQingdao,"1,119",万豪
2022-08-18,青岛李沧绿城喜来登酒店;SheratonQingdaoLicangHotel,829,万豪
2022-08-18,黄岛泰成喜来登酒店;SheratonHuangdaoHotel,"1,024",万豪
2022-08-18,"青岛城阳宝龙福朋喜来登酒店;FourPointsbySheratonQingdao,Chengyang",693,万豪
2022-08-18,青岛西海岸隆和艾美度假酒店;LeMéridienQingdaoWestCoastResort,907,万豪
2022-08-18,"青岛西海岸隆和福朋喜来登酒店;FourPointsbySheratonQingdao,WestCoast",679,万豪
2022-08-18,青岛胶州绿城喜来登酒店;SheratonQingdaoJiaozhouHotel,587,万豪
2022-08-18,青岛西海岸威斯汀酒店;TheWestinQingdaoWestCoast,"1,347",万豪
2022-08-18,青岛天一仁和智选假日酒店,362.16,万州
2022-08-18,青岛金水智选假日酒店,563.96,万州
2022-08-18,青岛金水皇冠假日酒店,761.76,万州
2022-08-18,青岛金水套房假日酒店,658.72,万州
2022-08-18,青岛国际院士港华邑酒店,787.31,万州
2022-08-18,青岛国际院士港voco酒店,0,万州
2022-08-18,青岛世园假日酒店,590.82,万州
2022-08-18,青岛国际创新园智选假日酒店,0,万州
2022-08-18,青岛中心假日酒店,1121.48,万州
2022-08-18,青岛中心智选假日酒店,512.07,万州
2022-08-18,青岛颐中皇冠假日酒店,0,万州
2022-08-18,青岛海尔洲际酒店,1548.00,万州
2022-08-18,青岛海泉湾皇冠假日度假酒店,548.17,万州
2022-08-18,青岛西海岸智选假日酒店,472.62,万州
2022-08-18,青岛东方影都皇冠假日酒店,858.74,万州
2022-08-19,青岛威斯汀酒店;TheWestinQingdao,"1,630",万豪
2022-08-19,青岛瑞吉酒店;TheSt.RegisQingdao,"3,087",万豪
2022-08-19,青岛富力艾美酒店;LeMéridienQingdao,"1,206",万豪
2022-08-19,青岛李沧绿城喜来登酒店;SheratonQingdaoLicangHotel,"1,282",万豪
2022-08-19,黄岛泰成喜来登酒店;SheratonHuangdaoHotel,992,万豪
2022-08-19,"青岛城阳宝龙福朋喜来登酒店;FourPointsbySheratonQingdao,Chengyang",634,万豪
2022-08-19,青岛西海岸隆和艾美度假酒店;LeMéridienQingdaoWestCoastResort,879,万豪
2022-08-19,"青岛西海岸隆和福朋喜来登酒店;FourPointsbySheratonQingdao,WestCoast",699,万豪
2022-08-19,青岛胶州绿城喜来登酒店;SheratonQingdaoJiaozhouHotel,488,万豪
2022-08-19,青岛西海岸威斯汀酒店;TheWestinQingdaoWestCoast,831,万豪
2022-08-19,青岛天一仁和智选假日酒店,362.16,万州
2022-08-19,青岛金水智选假日酒店,607.20,万州
2022-08-19,青岛金水皇冠假日酒店,821.56,万州
2022-08-19,青岛金水套房假日酒店,710.24,万州
2022-08-19,青岛国际院士港华邑酒店,787.45,万州
2022-08-19,青岛国际院士港voco酒店,0,万州
2022-08-19,青岛世园假日酒店,648.25,万州
2022-08-19,青岛国际创新园智选假日酒店,0,万州
2022-08-19,青岛中心假日酒店,1174.78,万州
2022-08-19,青岛中心智选假日酒店,669.88,万州
2022-08-19,青岛颐中皇冠假日酒店,0,万州
2022-08-19,青岛海尔洲际酒店,1623.00,万州
2022-08-19,青岛海泉湾皇冠假日度假酒店,548.17,万州
2022-08-19,青岛西海岸智选假日酒店,527.86,万州
2022-08-19,青岛东方影都皇冠假日酒店,1016.26,万州
2022-08-20,青岛威斯汀酒店;TheWestinQingdao,"1,630",万豪
2022-08-20,青岛瑞吉酒店;TheSt.RegisQingdao,"3,087",万豪
2022-08-20,青岛富力艾美酒店;LeMéridienQingdao,"1,206",万豪
2022-08-20,青岛李沧绿城喜来登酒店;SheratonQingdaoLicangHotel,938,万豪
2022-08-20,黄岛泰成喜来登酒店;SheratonHuangdaoHotel,992,万豪
2022-08-20,"青岛城阳宝龙福朋喜来登酒店;FourPointsbySheratonQingdao,Chengyang",558,万豪
2022-08-20,青岛西海岸隆和艾美度假酒店;LeMéridienQingdaoWestCoastResort,879,万豪
2022-08-20,"青岛西海岸隆和福朋喜来登酒店;FourPointsbySheratonQingdao,WestCoast",699,万豪
2022-08-20,青岛胶州绿城喜来登酒店;SheratonQingdaoJiaozhouHotel,488,万豪
2022-08-20,青岛西海岸威斯汀酒店;TheWestinQingdaoWestCoast,979,万豪
2022-08-20,青岛天一仁和智选假日酒店,362.16,万州
2022-08-20,青岛金水智选假日酒店,607.20,万州
2022-08-20,青岛金水皇冠假日酒店,821.56,万州
2022-08-20,青岛金水套房假日酒店,710.24,万州
2022-08-20,青岛国际院士港华邑酒店,692.76,万州
2022-08-20,青岛国际院士港voco酒店,0,万州
2022-08-20,青岛世园假日酒店,648.25,万州
2022-08-20,青岛国际创新园智选假日酒店,0,万州
2022-08-20,青岛中心假日酒店,1107.16,万州
2022-08-20,青岛中心智选假日酒店,512.07,万州
2022-08-20,青岛颐中皇冠假日酒店,0,万州
2022-08-20,青岛海尔洲际酒店,1623.00,万州
2022-08-20,青岛海泉湾皇冠假日度假酒店,548.17,万州
2022-08-20,青岛西海岸智选假日酒店,527.86,万州
2022-08-20,青岛东方影都皇冠假日酒店,1016.26,万州
2022-08-21,青岛威斯汀酒店;TheWestinQingdao,"1,176",万豪
2022-08-21,青岛瑞吉酒店;TheSt.RegisQingdao,"1,666",万豪
2022-08-21,青岛富力艾美酒店;LeMéridienQingdao,865,万豪
2022-08-21,青岛李沧绿城喜来登酒店;SheratonQingdaoLicangHotel,761,万豪
2022-08-21,黄岛泰成喜来登酒店;SheratonHuangdaoHotel,721,万豪
2022-08-21,"青岛城阳宝龙福朋喜来登酒店;FourPointsbySheratonQingdao,Chengyang",615,万豪
2022-08-21,青岛西海岸隆和艾美度假酒店;LeMéridienQingdaoWestCoastResort,847,万豪
2022-08-21,"青岛西海岸隆和福朋喜来登酒店;FourPointsbySheratonQingdao,WestCoast","1,264",万豪
2022-08-21,青岛胶州绿城喜来登酒店;SheratonQingdaoJiaozhouHotel,503,万豪
2022-08-21,青岛西海岸威斯汀酒店;TheWestinQingdaoWestCoast,"1,047",万豪
2022-08-21,青岛天一仁和智选假日酒店,338.49,万州
2022-08-21,青岛金水智选假日酒店,410.23,万州
2022-08-21,青岛金水皇冠假日酒店,678.90,万州
2022-08-21,青岛金水套房假日酒店,552.68,万州
2022-08-21,青岛国际院士港华邑酒店,650.15,万州
2022-08-21,青岛国际院士港voco酒店,0,万州
2022-08-21,青岛世园假日酒店,448.59,万州
2022-08-21,青岛国际创新园智选假日酒店,0,万州
2022-08-21,青岛中心假日酒店,762.75,万州
2022-08-21,青岛中心智选假日酒店,512.07,万州
2022-08-21,青岛颐中皇冠假日酒店,0,万州
2022-08-21,青岛海尔洲际酒店,1181.00,万州
2022-08-21,青岛海泉湾皇冠假日度假酒店,503.09,万州
2022-08-21,青岛西海岸智选假日酒店,354.93,万州
2022-08-21,青岛东方影都皇冠假日酒店,653.31,万州
2022-08-22,青岛威斯汀酒店;TheWestinQingdao,"1,372",万豪
2022-08-22,青岛瑞吉酒店;TheSt.RegisQingdao,"1,666",万豪
2022-08-22,青岛富力艾美酒店;LeMéridienQingdao,865,万豪
2022-08-22,青岛李沧绿城喜来登酒店;SheratonQingdaoLicangHotel,869,万豪
2022-08-22,黄岛泰成喜来登酒店;SheratonHuangdaoHotel,721,万豪
2022-08-22,"青岛城阳宝龙福朋喜来登酒店;FourPointsbySheratonQingdao,Chengyang",635,万豪
2022-08-22,青岛西海岸隆和艾美度假酒店;LeMéridienQingdaoWestCoastResort,847,万豪
2022-08-22,"青岛西海岸隆和福朋喜来登酒店;FourPointsbySheratonQingdao,WestCoast","1,244",万豪
2022-08-22,青岛胶州绿城喜来登酒店;SheratonQingdaoJiaozhouHotel,503,万豪
2022-08-22,青岛西海岸威斯汀酒店;TheWestinQingdaoWestCoast,864,万豪
2022-08-22,青岛天一仁和智选假日酒店,362.16,万州
2022-08-22,青岛金水智选假日酒店,410.23,万州
2022-08-22,青岛金水皇冠假日酒店,678.90,万州
2022-08-22,青岛金水套房假日酒店,552.68,万州
2022-08-22,青岛国际院士港华邑酒店,650.15,万州
2022-08-22,青岛国际院士港voco酒店,0,万州
2022-08-22,青岛世园假日酒店,462.98,万州
2022-08-22,青岛国际创新园智选假日酒店,0,万州
2022-08-22,青岛中心假日酒店,770.87,万州
2022-08-22,青岛中心智选假日酒店,512.07,万州
2022-08-22,青岛颐中皇冠假日酒店,0,万州
2022-08-22,青岛海尔洲际酒店,1181.00,万州
2022-08-22,青岛海泉湾皇冠假日度假酒店,503.09,万州
2022-08-22,青岛西海岸智选假日酒店,354.93,万州
2022-08-22,青岛东方影都皇冠假日酒店,653.31,万州
2022-08-23,青岛威斯汀酒店;TheWestinQingdao,"1,372",万豪
2022-08-23,青岛瑞吉酒店;TheSt.RegisQingdao,"1,813",万豪
2022-08-23,青岛富力艾美酒店;LeMéridienQingdao,865,万豪
2022-08-23,青岛李沧绿城喜来登酒店;SheratonQingdaoLicangHotel,957,万豪
2022-08-23,黄岛泰成喜来登酒店;SheratonHuangdaoHotel,755,万豪
2022-08-23,"青岛城阳宝龙福朋喜来登酒店;FourPointsbySheratonQingdao,Chengyang",654,万豪
2022-08-23,青岛西海岸隆和艾美度假酒店;LeMéridienQingdaoWestCoastResort,847,万豪
2022-08-23,"青岛西海岸隆和福朋喜来登酒店;FourPointsbySheratonQingdao,WestCoast","1,244",万豪
2022-08-23,青岛胶州绿城喜来登酒店;SheratonQingdaoJiaozhouHotel,503,万豪
2022-08-23,青岛西海岸威斯汀酒店;TheWestinQingdaoWestCoast,864,万豪
2022-08-23,青岛天一仁和智选假日酒店,362.16,万州
2022-08-23,青岛金水智选假日酒店,410.23,万州
2022-08-23,青岛金水皇冠假日酒店,678.90,万州
2022-08-23,青岛金水套房假日酒店,552.68,万州
2022-08-23,青岛国际院士港华邑酒店,650.15,万州
2022-08-23,青岛国际院士港voco酒店,0,万州
2022-08-23,青岛世园假日酒店,478.08,万州
2022-08-23,青岛国际创新园智选假日酒店,0,万州
2022-08-23,青岛中心假日酒店,855.62,万州
2022-08-23,青岛中心智选假日酒店,512.07,万州
2022-08-23,青岛颐中皇冠假日酒店,0,万州
2022-08-23,青岛海尔洲际酒店,1244.00,万州
2022-08-23,青岛海泉湾皇冠假日度假酒店,503.09,万州
2022-08-23,青岛西海岸智选假日酒店,354.93,万州
2022-08-23,青岛东方影都皇冠假日酒店,653.31,万州
2022-08-24,青岛威斯汀酒店;TheWestinQingdao,"1,372",万豪
2022-08-24,青岛瑞吉酒店;TheSt.RegisQingdao,"1,911",万豪
2022-08-24,青岛富力艾美酒店;LeMéridienQingdao,865,万豪
2022-08-24,青岛李沧绿城喜来登酒店;SheratonQingdaoLicangHotel,957,万豪
2022-08-24,黄岛泰成喜来登酒店;SheratonHuangdaoHotel,755,万豪
2022-08-24,"青岛城阳宝龙福朋喜来登酒店;FourPointsbySheratonQingdao,Chengyang",654,万豪
2022-08-24,青岛西海岸隆和艾美度假酒店;LeMéridienQingdaoWestCoastResort,847,万豪
2022-08-24,"青岛西海岸隆和福朋喜来登酒店;FourPointsbySheratonQingdao,WestCoast","1,254",万豪
2022-08-24,青岛胶州绿城喜来登酒店;SheratonQingdaoJiaozhouHotel,503,万豪
2022-08-24,青岛西海岸威斯汀酒店;TheWestinQingdaoWestCoast,923,万豪
2022-08-24,青岛天一仁和智选假日酒店,362.16,万州
2022-08-24,青岛金水智选假日酒店,410.23,万州
2022-08-24,青岛金水皇冠假日酒店,678.90,万州
2022-08-24,青岛金水套房假日酒店,552.68,万州
2022-08-24,青岛国际院士港华邑酒店,650.15,万州
2022-08-24,青岛国际院士港voco酒店,0,万州
2022-08-24,青岛世园假日酒店,478.08,万州
2022-08-24,青岛国际创新园智选假日酒店,0,万州
2022-08-24,青岛中心假日酒店,855.62,万州
2022-08-24,青岛中心智选假日酒店,512.07,万州
2022-08-24,青岛颐中皇冠假日酒店,0,万州
2022-08-24,青岛海尔洲际酒店,1244.00,万州
2022-08-24,青岛海泉湾皇冠假日度假酒店,530.14,万州
2022-08-24,青岛西海岸智选假日酒店,354.93,万州
2022-08-24,青岛东方影都皇冠假日酒店,653.31,万州
2022-08-25,青岛威斯汀酒店;TheWestinQingdao,"1,372",万豪
2022-08-25,青岛瑞吉酒店;TheSt.RegisQingdao,"1,911",万豪
2022-08-25,青岛富力艾美酒店;LeMéridienQingdao,949,万豪
2022-08-25,青岛李沧绿城喜来登酒店;SheratonQingdaoLicangHotel,889,万豪
2022-08-25,黄岛泰成喜来登酒店;SheratonHuangdaoHotel,755,万豪
2022-08-25,"青岛城阳宝龙福朋喜来登酒店;FourPointsbySheratonQingdao,Chengyang",644,万豪
2022-08-25,青岛西海岸隆和艾美度假酒店;LeMéridienQingdaoWestCoastResort,847,万豪
2022-08-25,"青岛西海岸隆和福朋喜来登酒店;FourPointsbySheratonQingdao,WestCoast","1,205",万豪
2022-08-25,青岛胶州绿城喜来登酒店;SheratonQingdaoJiaozhouHotel,503,万豪
2022-08-25,青岛西海岸威斯汀酒店;TheWestinQingdaoWestCoast,941,万豪
2022-08-25,青岛天一仁和智选假日酒店,362.16,万州
2022-08-25,青岛金水智选假日酒店,410.23,万州
2022-08-25,青岛金水皇冠假日酒店,678.90,万州
2022-08-25,青岛金水套房假日酒店,552.68,万州
2022-08-25,青岛国际院士港华邑酒店,650.15,万州
2022-08-25,青岛国际院士港voco酒店,0,万州
2022-08-25,青岛世园假日酒店,478.08,万州
2022-08-25,青岛国际创新园智选假日酒店,0,万州
2022-08-25,青岛中心假日酒店,888.98,万州
2022-08-25,青岛中心智选假日酒店,512.07,万州
2022-08-25,青岛颐中皇冠假日酒店,0,万州
2022-08-25,青岛海尔洲际酒店,1367.00,万州
2022-08-25,青岛海泉湾皇冠假日度假酒店,530.14,万州
2022-08-25,青岛西海岸智选假日酒店,354.93,万州
2022-08-25,青岛东方影都皇冠假日酒店,653.31,万州
2022-08-26,青岛威斯汀酒店;TheWestinQingdao,"1,425",万豪
2022-08-26,青岛瑞吉酒店;TheSt.RegisQingdao,"2,597",万豪
2022-08-26,青岛富力艾美酒店;LeMéridienQingdao,937,万豪
2022-08-26,青岛李沧绿城喜来登酒店;SheratonQingdaoLicangHotel,814,万豪
2022-08-26,黄岛泰成喜来登酒店;SheratonHuangdaoHotel,748,万豪
2022-08-26,"青岛城阳宝龙福朋喜来登酒店;FourPointsbySheratonQingdao,Chengyang",539,万豪
2022-08-26,青岛西海岸隆和艾美度假酒店;LeMéridienQingdaoWestCoastResort,821,万豪
2022-08-26,"青岛西海岸隆和福朋喜来登酒店;FourPointsbySheratonQingdao,WestCoast","1,273",万豪
2022-08-26,青岛胶州绿城喜来登酒店;SheratonQingdaoJiaozhouHotel,488,万豪
2022-08-26,青岛西海岸威斯汀酒店;TheWestinQingdaoWestCoast,838,万豪
2022-08-26,青岛天一仁和智选假日酒店,362.16,万州
2022-08-26,青岛金水智选假日酒店,410.23,万州
2022-08-26,青岛金水皇冠假日酒店,678.90,万州
2022-08-26,青岛金水套房假日酒店,552.68,万州
2022-08-26,青岛国际院士港华邑酒店,650.15,万州
2022-08-26,青岛国际院士港voco酒店,0,万州
2022-08-26,青岛世园假日酒店,531.94,万州
2022-08-26,青岛国际创新园智选假日酒店,0,万州
2022-08-26,青岛中心假日酒店,930.45,万州
2022-08-26,青岛中心智选假日酒店,512.07,万州
2022-08-26,青岛颐中皇冠假日酒店,0,万州
2022-08-26,青岛海尔洲际酒店,1405.00,万州
2022-08-26,青岛海泉湾皇冠假日度假酒店,530.14,万州
2022-08-26,青岛西海岸智选假日酒店,354.93,万州
2022-08-26,青岛东方影都皇冠假日酒店,653.31,万州
2022-08-27,青岛威斯汀酒店;TheWestinQingdao,"1,425",万豪
2022-08-27,青岛瑞吉酒店;TheSt.RegisQingdao,"2,597",万豪
2022-08-27,青岛富力艾美酒店;LeMéridienQingdao,"1,095",万豪
2022-08-27,青岛李沧绿城喜来登酒店;SheratonQingdaoLicangHotel,767,万豪
2022-08-27,黄岛泰成喜来登酒店;SheratonHuangdaoHotel,606,万豪
2022-08-27,"青岛城阳宝龙福朋喜来登酒店;FourPointsbySheratonQingdao,Chengyang",530,万豪
2022-08-27,青岛西海岸隆和艾美度假酒店;LeMéridienQingdaoWestCoastResort,821,万豪
2022-08-27,"青岛西海岸隆和福朋喜来登酒店;FourPointsbySheratonQingdao,WestCoast","1,263",万豪
2022-08-27,青岛胶州绿城喜来登酒店;SheratonQingdaoJiaozhouHotel,488,万豪
2022-08-27,青岛西海岸威斯汀酒店;TheWestinQingdaoWestCoast,838,万豪
2022-08-27,青岛天一仁和智选假日酒店,362.16,万州
2022-08-27,青岛金水智选假日酒店,410.23,万州
2022-08-27,青岛金水皇冠假日酒店,678.90,万州
2022-08-27,青岛金水套房假日酒店,552.68,万州
2022-08-27,青岛国际院士港华邑酒店,650.15,万州
2022-08-27,青岛国际院士港voco酒店,0,万州
2022-08-27,青岛世园假日酒店,493.18,万州
2022-08-27,青岛国际创新园智选假日酒店,0,万州
2022-08-27,青岛中心假日酒店,930.45,万州
2022-08-27,青岛中心智选假日酒店,512.07,万州
2022-08-27,青岛颐中皇冠假日酒店,0,万州
2022-08-27,青岛海尔洲际酒店,1405.00,万州
2022-08-27,青岛海泉湾皇冠假日度假酒店,530.14,万州
2022-08-27,青岛西海岸智选假日酒店,354.93,万州
2022-08-27,青岛东方影都皇冠假日酒店,653.31,万州
2022-08-28,青岛威斯汀酒店;TheWestinQingdao,"1,345",万豪
2022-08-28,青岛瑞吉酒店;TheSt.RegisQingdao,"2,156",万豪
2022-08-28,青岛富力艾美酒店;LeMéridienQingdao,932,万豪
2022-08-28,青岛李沧绿城喜来登酒店;SheratonQingdaoLicangHotel,781,万豪
2022-08-28,黄岛泰成喜来登酒店;SheratonHuangdaoHotel,694,万豪
2022-08-28,"青岛城阳宝龙福朋喜来登酒店;FourPointsbySheratonQingdao,Chengyang",615,万豪
2022-08-28,青岛西海岸隆和艾美度假酒店;LeMéridienQingdaoWestCoastResort,763,万豪
2022-08-28,"青岛西海岸隆和福朋喜来登酒店;FourPointsbySheratonQingdao,WestCoast","1,264",万豪
2022-08-28,青岛胶州绿城喜来登酒店;SheratonQingdaoJiaozhouHotel,503,万豪
2022-08-28,青岛西海岸威斯汀酒店;TheWestinQingdaoWestCoast,672,万豪
2022-08-28,青岛天一仁和智选假日酒店,338.49,万州
2022-08-28,青岛金水智选假日酒店,384.98,万州
2022-08-28,青岛金水皇冠假日酒店,637.43,万州
2022-08-28,青岛金水套房假日酒店,511.21,万州
2022-08-28,青岛国际院士港华邑酒店,624.12,万州
2022-08-28,青岛国际院士港voco酒店,0,万州
2022-08-28,青岛世园假日酒店,448.59,万州
2022-08-28,青岛国际创新园智选假日酒店,0,万州
2022-08-28,青岛中心假日酒店,690.00,万州
2022-08-28,青岛中心智选假日酒店,401.62,万州
2022-08-28,青岛颐中皇冠假日酒店,0,万州
2022-08-28,青岛海尔洲际酒店,980.00,万州
2022-08-28,青岛海泉湾皇冠假日度假酒店,458.01,万州
2022-08-28,青岛西海岸智选假日酒店,285.33,万州
2022-08-28,青岛东方影都皇冠假日酒店,598.14,万州
2022-08-29,青岛威斯汀酒店;TheWestinQingdao,"1,345",万豪
2022-08-29,青岛瑞吉酒店;TheSt.RegisQingdao,"1,372",万豪
2022-08-29,青岛富力艾美酒店;LeMéridienQingdao,965,万豪
2022-08-29,青岛李沧绿城喜来登酒店;SheratonQingdaoLicangHotel,850,万豪
2022-08-29,黄岛泰成喜来登酒店;SheratonHuangdaoHotel,645,万豪
2022-08-29,"青岛城阳宝龙福朋喜来登酒店;FourPointsbySheratonQingdao,Chengyang",635,万豪
2022-08-29,青岛西海岸隆和艾美度假酒店;LeMéridienQingdaoWestCoastResort,763,万豪
2022-08-29,"青岛西海岸隆和福朋喜来登酒店;FourPointsbySheratonQingdao,WestCoast","1,244",万豪
2022-08-29,青岛胶州绿城喜来登酒店;SheratonQingdaoJiaozhouHotel,503,万豪
2022-08-29,青岛西海岸威斯汀酒店;TheWestinQingdaoWestCoast,682,万豪
2022-08-29,青岛天一仁和智选假日酒店,362.16,万州
2022-08-29,青岛金水智选假日酒店,384.98,万州
2022-08-29,青岛金水皇冠假日酒店,637.43,万州
2022-08-29,青岛金水套房假日酒店,511.21,万州
2022-08-29,青岛国际院士港华邑酒店,624.12,万州
2022-08-29,青岛国际院士港voco酒店,0,万州
2022-08-29,青岛世园假日酒店,448.59,万州
2022-08-29,青岛国际创新园智选假日酒店,0,万州
2022-08-29,青岛中心假日酒店,690.00,万州
2022-08-29,青岛中心智选假日酒店,401.62,万州
2022-08-29,青岛颐中皇冠假日酒店,629.32,万州
2022-08-29,青岛海尔洲际酒店,980.00,万州
2022-08-29,青岛海泉湾皇冠假日度假酒店,458.01,万州
2022-08-29,青岛西海岸智选假日酒店,285.33,万州
2022-08-29,青岛东方影都皇冠假日酒店,598.14,万州
2022-08-30,青岛威斯汀酒店;TheWestinQingdao,980,万豪
2022-08-30,青岛瑞吉酒店;TheSt.RegisQingdao,"1,960",万豪
2022-08-30,青岛富力艾美酒店;LeMéridienQingdao,867,万豪
2022-08-30,青岛李沧绿城喜来登酒店;SheratonQingdaoLicangHotel,673,万豪
2022-08-30,黄岛泰成喜来登酒店;SheratonHuangdaoHotel,547,万豪
2022-08-30,"青岛城阳宝龙福朋喜来登酒店;FourPointsbySheratonQingdao,Chengyang",605,万豪
2022-08-30,青岛西海岸隆和艾美度假酒店;LeMéridienQingdaoWestCoastResort,763,万豪
2022-08-30,"青岛西海岸隆和福朋喜来登酒店;FourPointsbySheratonQingdao,WestCoast","1,303",万豪
2022-08-30,青岛胶州绿城喜来登酒店;SheratonQingdaoJiaozhouHotel,503,万豪
2022-08-30,青岛西海岸威斯汀酒店;TheWestinQingdaoWestCoast,702,万豪
2022-08-30,青岛天一仁和智选假日酒店,362.16,万州
2022-08-30,青岛金水智选假日酒店,384.98,万州
2022-08-30,青岛金水皇冠假日酒店,637.43,万州
2022-08-30,青岛金水套房假日酒店,511.21,万州
2022-08-30,青岛国际院士港华邑酒店,624.12,万州
2022-08-30,青岛国际院士港voco酒店,0,万州
2022-08-30,青岛世园假日酒店,478.08,万州
2022-08-30,青岛国际创新园智选假日酒店,0,万州
2022-08-30,青岛中心假日酒店,690.00,万州
2022-08-30,青岛中心智选假日酒店,401.62,万州
2022-08-30,青岛颐中皇冠假日酒店,629.32,万州
2022-08-30,青岛海尔洲际酒店,980.00,万州
2022-08-30,青岛海泉湾皇冠假日度假酒店,458.01,万州
2022-08-30,青岛西海岸智选假日酒店,285.33,万州
2022-08-30,青岛东方影都皇冠假日酒店,598.14,万州
2022-08-31,青岛威斯汀酒店;TheWestinQingdao,980,万豪
2022-08-31,青岛瑞吉酒店;TheSt.RegisQingdao,"1,960",万豪
2022-08-31,青岛富力艾美酒店;LeMéridienQingdao,834,万豪
2022-08-31,青岛李沧绿城喜来登酒店;SheratonQingdaoLicangHotel,663,万豪
2022-08-31,黄岛泰成喜来登酒店;SheratonHuangdaoHotel,527,万豪
2022-08-31,"青岛城阳宝龙福朋喜来登酒店;FourPointsbySheratonQingdao,Chengyang",595,万豪
2022-08-31,青岛西海岸隆和艾美度假酒店;LeMéridienQingdaoWestCoastResort,763,万豪
2022-08-31,"青岛西海岸隆和福朋喜来登酒店;FourPointsbySheratonQingdao,WestCoast",721,万豪
2022-08-31,青岛胶州绿城喜来登酒店;SheratonQingdaoJiaozhouHotel,503,万豪
2022-08-31,青岛西海岸威斯汀酒店;TheWestinQingdaoWestCoast,635,万豪
2022-08-31,青岛天一仁和智选假日酒店,362.16,万州
2022-08-31,青岛金水智选假日酒店,384.98,万州
2022-08-31,青岛金水皇冠假日酒店,637.43,万州
2022-08-31,青岛金水套房假日酒店,511.21,万州
2022-08-31,青岛国际院士港华邑酒店,624.12,万州
2022-08-31,青岛国际院士港voco酒店,0,万州
2022-08-31,青岛世园假日酒店,478.08,万州
2022-08-31,青岛国际创新园智选假日酒店,0,万州
2022-08-31,青岛中心假日酒店,690.00,万州
2022-08-31,青岛中心智选假日酒店,401.62,万州
2022-08-31,青岛颐中皇冠假日酒店,629.32,万州
2022-08-31,青岛海尔洲际酒店,980.00,万州
2022-08-31,青岛海泉湾皇冠假日度假酒店,458.01,万州
2022-08-31,青岛西海岸智选假日酒店,285.33,万州
2022-08-31,青岛东方影都皇冠假日酒店,598.14,万州
2022-09-01,青岛威斯汀酒店;TheWestinQingdao,980,万豪
2022-09-01,青岛瑞吉酒店;TheSt.RegisQingdao,"1,960",万豪
2022-09-01,青岛富力艾美酒店;LeMéridienQingdao,932,万豪
2022-09-01,青岛李沧绿城喜来登酒店;SheratonQingdaoLicangHotel,722,万豪
2022-09-01,黄岛泰成喜来登酒店;SheratonHuangdaoHotel,517,万豪
2022-09-01,"青岛城阳宝龙福朋喜来登酒店;FourPointsbySheratonQingdao,Chengyang",605,万豪
2022-09-01,青岛西海岸隆和艾美度假酒店;LeMéridienQingdaoWestCoastResort,763,万豪
2022-09-01,"青岛西海岸隆和福朋喜来登酒店;FourPointsbySheratonQingdao,WestCoast",721,万豪
2022-09-01,青岛胶州绿城喜来登酒店;SheratonQingdaoJiaozhouHotel,444,万豪
2022-09-01,青岛西海岸威斯汀酒店;TheWestinQingdaoWestCoast,845,万豪
2022-09-01,青岛天一仁和智选假日酒店,338.49,万州
2022-09-01,青岛金水智选假日酒店,342.61,万州
2022-09-01,青岛金水皇冠假日酒店,595.06,万州
2022-09-01,青岛金水套房假日酒店,468.83,万州
2022-09-01,青岛国际院士港华邑酒店,732.32,万州
2022-09-01,青岛国际院士港voco酒店,0,万州
2022-09-01,青岛世园假日酒店,478.08,万州
2022-09-01,青岛国际创新园智选假日酒店,0,万州
2022-09-01,青岛中心假日酒店,620.30,万州
2022-09-01,青岛中心智选假日酒店,401.62,万州
2022-09-01,青岛颐中皇冠假日酒店,629.32,万州
2022-09-01,青岛海尔洲际酒店,1108.60,万州
2022-09-01,青岛海泉湾皇冠假日度假酒店,647.35,万州
2022-09-01,青岛西海岸智选假日酒店,254.40,万州
2022-09-01,青岛东方影都皇冠假日酒店,763.65,万州
2022-09-02,青岛威斯汀酒店;TheWestinQingdao,"1,048",万豪
2022-09-02,青岛瑞吉酒店;TheSt.RegisQingdao,"1,960",万豪
2022-09-02,青岛富力艾美酒店;LeMéridienQingdao,776,万豪
2022-09-02,青岛李沧绿城喜来登酒店;SheratonQingdaoLicangHotel,529,万豪
2022-09-02,黄岛泰成喜来登酒店;SheratonHuangdaoHotel,445,万豪
2022-09-02,"青岛城阳宝龙福朋喜来登酒店;FourPointsbySheratonQingdao,Chengyang",473,万豪
2022-09-02,青岛西海岸隆和艾美度假酒店;LeMéridienQingdaoWestCoastResort,779,万豪
2022-09-02,"青岛西海岸隆和福朋喜来登酒店;FourPointsbySheratonQingdao,WestCoast",699,万豪
2022-09-02,青岛胶州绿城喜来登酒店;SheratonQingdaoJiaozhouHotel,430,万豪
2022-09-02,青岛西海岸威斯汀酒店;TheWestinQingdaoWestCoast,728,万豪
2022-09-02,青岛天一仁和智选假日酒店,308.53,万州
2022-09-02,青岛金水智选假日酒店,342.61,万州
2022-09-02,青岛金水皇冠假日酒店,595.06,万州
2022-09-02,青岛金水套房假日酒店,468.83,万州
2022-09-02,青岛国际院士港华邑酒店,732.32,万州
2022-09-02,青岛国际院士港voco酒店,0,万州
2022-09-02,青岛世园假日酒店,493.18,万州
2022-09-02,青岛国际创新园智选假日酒店,0,万州
2022-09-02,青岛中心假日酒店,620.30,万州
2022-09-02,青岛中心智选假日酒店,401.62,万州
2022-09-02,青岛颐中皇冠假日酒店,629.32,万州
2022-09-02,青岛海尔洲际酒店,1205.00,万州
2022-09-02,青岛海泉湾皇冠假日度假酒店,647.35,万州
2022-09-02,青岛西海岸智选假日酒店,254.40,万州
2022-09-02,青岛东方影都皇冠假日酒店,763.65,万州
2022-09-03,青岛威斯汀酒店;TheWestinQingdao,950,万豪
2022-09-03,青岛瑞吉酒店;TheSt.RegisQingdao,"1,568",万豪
2022-09-03,青岛富力艾美酒店;LeMéridienQingdao,776,万豪
2022-09-03,青岛李沧绿城喜来登酒店;SheratonQingdaoLicangHotel,567,万豪
2022-09-03,黄岛泰成喜来登酒店;SheratonHuangdaoHotel,445,万豪
2022-09-03,"青岛城阳宝龙福朋喜来登酒店;FourPointsbySheratonQingdao,Chengyang",473,万豪
2022-09-03,青岛西海岸隆和艾美度假酒店;LeMéridienQingdaoWestCoastResort,798,万豪
2022-09-03,"青岛西海岸隆和福朋喜来登酒店;FourPointsbySheratonQingdao,WestCoast",699,万豪
2022-09-03,青岛胶州绿城喜来登酒店;SheratonQingdaoJiaozhouHotel,430,万豪
2022-09-03,青岛西海岸威斯汀酒店;TheWestinQingdaoWestCoast,802,万豪
2022-09-03,青岛天一仁和智选假日酒店,308.53,万州
2022-09-03,青岛金水智选假日酒店,342.61,万州
2022-09-03,青岛金水皇冠假日酒店,595.06,万州
2022-09-03,青岛金水套房假日酒店,468.83,万州
2022-09-03,青岛国际院士港华邑酒店,732.32,万州
2022-09-03,青岛国际院士港voco酒店,0,万州
2022-09-03,青岛世园假日酒店,493.18,万州
2022-09-03,青岛国际创新园智选假日酒店,0,万州
2022-09-03,青岛中心假日酒店,620.30,万州
2022-09-03,青岛中心智选假日酒店,401.62,万州
2022-09-03,青岛颐中皇冠假日酒店,629.32,万州
2022-09-03,青岛海尔洲际酒店,1205.00,万州
2022-09-03,青岛海泉湾皇冠假日度假酒店,647.35,万州
2022-09-03,青岛西海岸智选假日酒店,254.40,万州
2022-09-03,青岛东方影都皇冠假日酒店,763.65,万州
2022-09-04,青岛威斯汀酒店;TheWestinQingdao,735,万豪
2022-09-04,青岛瑞吉酒店;TheSt.RegisQingdao,"1,274",万豪
2022-09-04,青岛富力艾美酒店;LeMéridienQingdao,703,万豪
2022-09-04,青岛李沧绿城喜来登酒店;SheratonQingdaoLicangHotel,595,万豪
2022-09-04,黄岛泰成喜来登酒店;SheratonHuangdaoHotel,478,万豪
2022-09-04,"青岛城阳宝龙福朋喜来登酒店;FourPointsbySheratonQingdao,Chengyang",576,万豪
2022-09-04,青岛西海岸隆和艾美度假酒店;LeMéridienQingdaoWestCoastResort,911,万豪
2022-09-04,"青岛西海岸隆和福朋喜来登酒店;FourPointsbySheratonQingdao,WestCoast",721,万豪
2022-09-04,青岛胶州绿城喜来登酒店;SheratonQingdaoJiaozhouHotel,444,万豪
2022-09-04,青岛西海岸威斯汀酒店;TheWestinQingdaoWestCoast,731,万豪
2022-09-04,青岛天一仁和智选假日酒店,308.53,万州
2022-09-04,青岛金水智选假日酒店,342.61,万州
2022-09-04,青岛金水皇冠假日酒店,595.06,万州
2022-09-04,青岛金水套房假日酒店,468.83,万州
2022-09-04,青岛国际院士港华邑酒店,732.32,万州
2022-09-04,青岛国际院士港voco酒店,0,万州
2022-09-04,青岛世园假日酒店,440.97,万州
2022-09-04,青岛国际创新园智选假日酒店,0,万州
2022-09-04,青岛中心假日酒店,620.30,万州
2022-09-04,青岛中心智选假日酒店,401.62,万州
2022-09-04,青岛颐中皇冠假日酒店,629.32,万州
2022-09-04,青岛海尔洲际酒店,901.60,万州
2022-09-04,青岛海泉湾皇冠假日度假酒店,647.35,万州
2022-09-04,青岛西海岸智选假日酒店,254.40,万州
2022-09-04,青岛东方影都皇冠假日酒店,763.65,万州
2022-09-05,青岛威斯汀酒店;TheWestinQingdao,"1,303",万豪
2022-09-05,青岛瑞吉酒店;TheSt.RegisQingdao,"2,156",万豪
2022-09-05,青岛富力艾美酒店;LeMéridienQingdao,932,万豪
2022-09-05,青岛李沧绿城喜来登酒店;SheratonQingdaoLicangHotel,801,万豪
2022-09-05,黄岛泰成喜来登酒店;SheratonHuangdaoHotel,527,万豪
2022-09-05,"青岛城阳宝龙福朋喜来登酒店;FourPointsbySheratonQingdao,Chengyang",625,万豪
2022-09-05,青岛西海岸隆和艾美度假酒店;LeMéridienQingdaoWestCoastResort,842,万豪
2022-09-05,"青岛西海岸隆和福朋喜来登酒店;FourPointsbySheratonQingdao,WestCoast","1,166",万豪
2022-09-05,青岛胶州绿城喜来登酒店;SheratonQingdaoJiaozhouHotel,444,万豪
2022-09-05,青岛西海岸威斯汀酒店;TheWestinQingdaoWestCoast,,万豪
2022-09-05,青岛天一仁和智选假日酒店,338.49,万州
2022-09-05,青岛金水智选假日酒店,342.61,万州
2022-09-05,青岛金水皇冠假日酒店,595.06,万州
2022-09-05,青岛金水套房假日酒店,468.83,万州
2022-09-05,青岛国际院士港华邑酒店,732.32,万州
2022-09-05,青岛国际院士港voco酒店,0,万州
2022-09-05,青岛世园假日酒店,440.97,万州
2022-09-05,青岛国际创新园智选假日酒店,0,万州
2022-09-05,青岛中心假日酒店,620.30,万州
2022-09-05,青岛中心智选假日酒店,401.62,万州
2022-09-05,青岛颐中皇冠假日酒店,629.32,万州
2022-09-05,青岛海尔洲际酒店,991.76,万州
2022-09-05,青岛海泉湾皇冠假日度假酒店,647.35,万州
2022-09-05,青岛西海岸智选假日酒店,254.40,万州
2022-09-05,青岛东方影都皇冠假日酒店,763.65,万州
2022-09-06,青岛威斯汀酒店;TheWestinQingdao,"1,303",万豪
2022-09-06,青岛瑞吉酒店;TheSt.RegisQingdao,"2,156",万豪
2022-09-06,青岛富力艾美酒店;LeMéridienQingdao,"1,030",万豪
2022-09-06,青岛李沧绿城喜来登酒店;SheratonQingdaoLicangHotel,899,万豪
2022-09-06,黄岛泰成喜来登酒店;SheratonHuangdaoHotel,557,万豪
2022-09-06,"青岛城阳宝龙福朋喜来登酒店;FourPointsbySheratonQingdao,Chengyang",880,万豪
2022-09-06,青岛西海岸隆和艾美度假酒店;LeMéridienQingdaoWestCoastResort,970,万豪
2022-09-06,"青岛西海岸隆和福朋喜来登酒店;FourPointsbySheratonQingdao,WestCoast","1,166",万豪
2022-09-06,青岛胶州绿城喜来登酒店;SheratonQingdaoJiaozhouHotel,444,万豪
2022-09-06,青岛西海岸威斯汀酒店;TheWestinQingdaoWestCoast,"2,544",万豪
2022-09-06,青岛天一仁和智选假日酒店,338.49,万州
2022-09-06,青岛金水智选假日酒店,342.61,万州
2022-09-06,青岛金水皇冠假日酒店,595.06,万州
2022-09-06,青岛金水套房假日酒店,468.83,万州
2022-09-06,青岛国际院士港华邑酒店,732.32,万州
2022-09-06,青岛国际院士港voco酒店,0,万州
2022-09-06,青岛世园假日酒店,478.08,万州
2022-09-06,青岛国际创新园智选假日酒店,0,万州
2022-09-06,青岛中心假日酒店,620.30,万州
2022-09-06,青岛中心智选假日酒店,401.62,万州
2022-09-06,青岛颐中皇冠假日酒店,629.32,万州
2022-09-06,青岛海尔洲际酒店,1108.60,万州
2022-09-06,青岛海泉湾皇冠假日度假酒店,647.35,万州
2022-09-06,青岛西海岸智选假日酒店,254.40,万州
2022-09-06,青岛东方影都皇冠假日酒店,763.65,万州
