日期,所属集团,酒店名称,保底房型,官网会员价,我方报价
2022-08-25,万豪,青岛威斯汀酒店,"1张特大床,城市景观,客房",1421.00,1359.95
2022-08-25,万豪,青岛威斯汀酒店,"2张双人床,大型客房",1441.00,1378.95
2022-08-25,万豪,青岛威斯汀酒店,"1张特大床,大型客房",1519.00,1453.05
2022-08-25,万豪,青岛威斯汀酒店,"2张双人床,局部海景,行政酒廊礼遇,客房",1605.00,1534.75
2022-08-25,万豪,青岛威斯汀酒店,"1张特大床,城市景观,单卧室套房",1617.00,1546.15
2022-08-25,万豪,青岛威斯汀酒店,"1张特大床,局部海景,行政酒廊礼遇,客房",1683.00,1608.85
2022-08-25,万豪,青岛威斯汀酒店,"1张特大床,行政酒廊礼遇,单卧室精致套房",1781.00,1701.95
2022-08-25,万豪,青岛威斯汀酒店,"行政酒廊礼遇,客房,2张双人床,海洋景观,顶层",1997.00,1907.15
2022-08-25,万豪,青岛威斯汀酒店,"行政酒廊礼遇,客房,1张特大床,海洋景观,高楼层",2118.00,2012.10
2022-08-25,万豪,青岛威斯汀酒店,"行政酒廊礼遇,1卧室大型套房,1张特大床,海洋景观,高楼层",3087.00,2901.78
2022-08-25,万豪,青岛威斯汀酒店,"行政酒廊礼遇,1卧室住宅式套房,1张特大床,城市景观,高楼层",4262.00,4006.28
2022-08-25,万豪,青岛瑞吉酒店,"豪华海景双床房,客房,2张单人床,海洋景观",2456.00,2333.20
2022-08-25,万豪,青岛瑞吉酒店,"豪华海景双床房,客房,2张单人床,海洋景观",2616.00,2485.20
2022-08-25,万豪,青岛瑞吉酒店,"天际海景双床房,客房,2张单人床,海洋景观",2681.00,2546.95
2022-08-25,万豪,青岛瑞吉酒店,"八大关滨海景观大床房,客房,1张特大床,八大关景观,海洋景观",2751.00,2613.45
2022-08-25,万豪,青岛瑞吉酒店,"奥帆海港景观大床房,客房,1张特大床,天际线景观",2798.00,2658.10
2022-08-25,万豪,青岛瑞吉酒店,"天际海景双床房,客房,2张单人床,海洋景观",2845.00,2702.75
2022-08-25,万豪,青岛瑞吉酒店,"八大关滨海景观大床房,客房,1张特大床,八大关景观,海洋景观",2915.00,2769.25
2022-08-25,万豪,青岛瑞吉酒店,"奥帆海港景观大床房,客房,1张特大床,天际线景观",2961.00,2812.95
2022-08-25,万豪,青岛瑞吉酒店,"约翰雅各布阿斯特海景套房,套房,1张特大床,海洋景观",5363.00,5041.22
2022-08-25,万豪,青岛瑞吉酒店,"约翰雅各布阿斯特海景套房,套房,1张特大床,海洋景观",5526.00,5194.44
2022-08-25,万豪,青岛瑞吉酒店,"卡罗琳阿斯特海景套房,1卧室套房,1张特大床,海洋景观",5596.00,5260.24
2022-08-25,万豪,青岛瑞吉酒店,"卡罗琳阿斯特海景套房,1卧室套房,1张特大床,海洋景观",5760.00,5414.40
2022-08-25,万豪,青岛瑞吉酒店,"大都会海景套房,1卧室套房,1张特大床,海洋景观",13992.00,13152.48
2022-08-25,万豪,青岛瑞吉酒店,"总统套房,1张特大床,海洋景观",78888.00,74154.72
2022-08-25,万豪,青岛富力艾美酒店,"2张单人床,客房",815.00,794.25
2022-08-25,万豪,青岛富力艾美酒店,"客房,2张单人床",883.00,858.85
2022-08-25,万豪,青岛富力艾美酒店,"1张特大床,行政酒廊礼遇,客房",1098.00,1053.10
2022-08-25,万豪,青岛富力艾美酒店,"1张特大床,行政酒廊礼遇,单卧室精致套房",2773.00,2634.35
2022-08-25,万豪,青岛富力艾美酒店,"1张特大床,行政酒廊礼遇,大型单卧室套房",3459.00,3251.46
2022-08-25,万豪,黄岛泰成喜来登酒店,"1张特大床,客房",684.00,669.80
2022-08-25,万豪,黄岛泰成喜来登酒店,"客房,1张特大床,城市景观,城市景观",733.00,716.35
2022-08-25,万豪,黄岛泰成喜来登酒店,"1张特大床,海景,客房",782.00,762.90
2022-08-25,万豪,黄岛泰成喜来登酒店,"客房,1张特大床,唐岛湾景观,海洋景观",831.00,809.45
2022-08-25,万豪,黄岛泰成喜来登酒店,"1张特大床,行政酒廊礼遇,客房",978.00,949.10
2022-08-25,万豪,黄岛泰成喜来登酒店,"1张特大床,行政酒廊礼遇,单卧室套房",1076.00,1032.20
2022-08-25,万豪,黄岛泰成喜来登酒店,"1张特大床,海景,行政酒廊礼遇,单卧室套房",1174.00,1125.30
2022-08-25,万豪,青岛城阳宝龙福朋喜来登酒店,"双床房,客房,2张单人床",734.00,717.30
2022-08-25,万豪,青岛城阳宝龙福朋喜来登酒店,"双床房,客房,2张单人床",759.00,741.05
2022-08-25,万豪,青岛城阳宝龙福朋喜来登酒店,"豪华客房,客房,1张特大床",780.00,761.00
2022-08-25,万豪,青岛城阳宝龙福朋喜来登酒店,"豪华客房,客房,1张特大床",826.00,804.70
2022-08-25,万豪,青岛城阳宝龙福朋喜来登酒店,"行政楼层,客房,1张特大床,高楼层",906.00,880.70
2022-08-25,万豪,青岛城阳宝龙福朋喜来登酒店,"1卧室小型套房,1张特大床",963.00,934.85
2022-08-25,万豪,青岛城阳宝龙福朋喜来登酒店,"行政套房,行政酒廊礼遇,1卧室大型套房,1张特大床",1020.00,979.00
2022-08-25,万豪,青岛城阳宝龙福朋喜来登酒店,"行政酒廊礼遇,1卧室大型套房,1张特大床,远离电梯",1077.00,1033.15
2022-08-25,万豪,青岛城阳宝龙福朋喜来登酒店,"总统套房,行政楼层,2卧室总统套房,高楼层",5770.00,5423.80
2022-08-25,万豪,青岛西海岸隆和艾美度假酒店,"双人床客房,客房,2张双人床,城市景观",889.00,864.55
2022-08-25,万豪,青岛西海岸隆和艾美度假酒店,"双人床客房,客房,2张双人床,城市景观",949.00,921.55
2022-08-25,万豪,青岛西海岸隆和艾美度假酒店,"探索海景套房,1卧室大型套房,1张特大床,海洋景观,阳台",1526.00,1459.70
2022-08-25,万豪,青岛西海岸隆和福朋喜来登酒店,"舒适客房,客房,1张特大床,城市景观",546.00,538.70
2022-08-25,万豪,青岛西海岸隆和福朋喜来登酒店,"舒适客房,客房,1张特大床,城市景观",608.00,597.60
2022-08-25,万豪,青岛西海岸隆和福朋喜来登酒店,"海景客房,客房,1张特大床,海洋景观",644.00,631.80
2022-08-25,万豪,青岛西海岸隆和福朋喜来登酒店,"海景客房,客房,1张特大床,海洋景观",708.00,692.60
2022-08-25,万豪,青岛西海岸隆和福朋喜来登酒店,"海景开放式套房,1卧室小型套房,张特大床,海洋景观",840.00,818.00
2022-08-25,万豪,青岛西海岸隆和福朋喜来登酒店,"福朋套房,1卧室大型套房,1张特大床,海洋景观",1036.00,994.20
2022-08-25,万豪,青岛西海岸隆和福朋喜来登酒店,"豪华海景套房,2卧室2厅套房,卧室1:1张特大床,卧室2:2张双人床",1820.00,1739.00
2022-08-25,万豪,青岛西海岸隆和福朋喜来登酒店,"总统套房,行政楼层,2卧室总统套房,海洋景观",3592.00,3376.48
2022-08-25,万豪,青岛西海岸威斯汀酒店,"2张单人床,客房",734.00,717.30
2022-08-25,万豪,青岛西海岸威斯汀酒店,"2张单人床,大型客房",774.00,755.30
2022-08-26,万豪,青岛威斯汀酒店,"1张特大床,城市景观,客房",1186.00,1136.70
2022-08-26,万豪,青岛威斯汀酒店,"1张特大床,大型客房",1225.00,1173.75
2022-08-26,万豪,青岛威斯汀酒店,"1张特大床,城市景观,单卧室精致套房",1253.00,1200.35
2022-08-26,万豪,青岛威斯汀酒店,"客房,2张双人床,城市景观",1269.00,1215.55
2022-08-26,万豪,青岛威斯汀酒店,"大型客房,1张特大床,城市景观",1309.00,1253.55
2022-08-26,万豪,青岛威斯汀酒店,"1卧室小型套房,1张特大床,城市景观",1339.00,1282.05
2022-08-26,万豪,青岛威斯汀酒店,"1卧室套房,1张特大床,城市景观",1399.00,1339.05
2022-08-26,万豪,青岛威斯汀酒店,"1张特大床,城市景观,行政酒廊礼遇,客房",1424.00,1362.80
2022-08-26,万豪,青岛威斯汀酒店,"行政酒廊礼遇,1卧室小型套房,1张特大床,城市景观",1491.00,1426.45
2022-08-26,万豪,青岛威斯汀酒店,"行政酒廊礼遇,客房,1张特大床,海洋景观,高楼层",1900.00,1815.00
2022-08-26,万豪,青岛威斯汀酒店,"行政酒廊礼遇,1卧室大型套房,1张特大床,城市景观",2061.00,1957.95
2022-08-26,万豪,青岛威斯汀酒店,"行政酒廊礼遇,1卧室大型套房,1张特大床,海洋景观,高楼层",2441.00,2318.95
2022-08-26,万豪,青岛威斯汀酒店,"行政酒廊礼遇,1卧室住宅式套房,1张特大床,城市景观,高楼层",3896.00,3662.24
2022-08-26,万豪,青岛瑞吉酒店,"云端大床房,客房,1张特大床,城市景观",2456.00,2333.20
2022-08-26,万豪,青岛瑞吉酒店,"云端大床房,客房,1张特大床,城市景观",2586.00,2456.70
2022-08-26,万豪,青岛瑞吉酒店,"天际海景大床房,客房,1张特大床,海洋景观",2856.00,2713.20
2022-08-26,万豪,青岛瑞吉酒店,"八大关滨海景观大床房,客房,1张特大床,八大关景观,海洋景观",2926.00,2779.70
2022-08-26,万豪,青岛瑞吉酒店,"天际海景大床房,客房,1张特大床,海洋景观",2936.00,2789.20
2022-08-26,万豪,青岛瑞吉酒店,"奥帆海港景观大床房,客房,1张特大床,天际线景观",2973.00,2824.35
2022-08-26,万豪,青岛瑞吉酒店,"八大关滨海景观大床房,客房,1张特大床,八大关景观,海洋景观",3089.00,2903.66
2022-08-26,万豪,青岛瑞吉酒店,"奥帆海港景观大床房,客房,1张特大床,天际线景观",3136.00,2947.84
2022-08-26,万豪,青岛瑞吉酒店,"约翰雅各布阿斯特海景套房,套房,1张特大床,海洋景观",5538.00,5205.72
2022-08-26,万豪,青岛瑞吉酒店,"约翰雅各布阿斯特海景套房,套房,1张特大床,海洋景观",5701.00,5358.94
2022-08-26,万豪,青岛瑞吉酒店,"卡罗琳阿斯特海景套房,1卧室套房,1张特大床,海洋景观",5771.00,5424.74
2022-08-26,万豪,青岛瑞吉酒店,"卡罗琳阿斯特海景套房,1卧室套房,1张特大床,海洋景观",5934.00,5577.96
2022-08-26,万豪,青岛瑞吉酒店,"大都会海景套房,1卧室套房,1张特大床,海洋景观",14166.00,13316.04
2022-08-26,万豪,青岛瑞吉酒店,"总统套房,1张特大床,海洋景观",78888.00,74154.72
2022-08-26,万豪,青岛富力艾美酒店,"1张特大床,高楼层,客房",808.00,787.60
2022-08-26,万豪,青岛富力艾美酒店,"客房,1张特大床,高楼层",850.00,827.50
2022-08-26,万豪,青岛富力艾美酒店,"1张特大床,大型客房",866.00,842.70
2022-08-26,万豪,青岛富力艾美酒店,"大型客房,1张特大床",932.00,905.40
2022-08-26,万豪,黄岛泰成喜来登酒店,"1张特大床,海景,行政酒廊礼遇,大使套房",3893.00,3659.42
2022-08-26,万豪,黄岛泰成喜来登酒店,"1张特大床,海景,行政酒廊礼遇,总统套房",18142.00,17053.48
2022-08-26,万豪,青岛城阳宝龙福朋喜来登酒店,"双床房,客房,2张单人床",616.00,605.20
2022-08-26,万豪,青岛城阳宝龙福朋喜来登酒店,"双床房,客房,2张单人床",659.00,646.05
2022-08-26,万豪,青岛城阳宝龙福朋喜来登酒店,"豪华客房,客房,1张特大床",661.00,647.95
2022-08-26,万豪,青岛城阳宝龙福朋喜来登酒店,"豪华客房,客房,1张特大床",705.00,689.75
2022-08-26,万豪,青岛城阳宝龙福朋喜来登酒店,"行政楼层,客房,1张特大床,高楼层",783.00,763.85
2022-08-26,万豪,青岛城阳宝龙福朋喜来登酒店,"1卧室小型套房,1张特大床",838.00,816.10
2022-08-26,万豪,青岛城阳宝龙福朋喜来登酒店,"行政套房,行政酒廊礼遇,1卧室大型套房,1张特大床",893.00,868.35
2022-08-26,万豪,青岛城阳宝龙福朋喜来登酒店,"行政酒廊礼遇,1卧室大型套房,1张特大床,远离电梯",949.00,921.55
2022-08-26,万豪,青岛城阳宝龙福朋喜来登酒店,"总统套房,行政楼层,2卧室总统套房,高楼层",5593.00,5257.42
2022-08-26,万豪,青岛西海岸隆和福朋喜来登酒店,"舒适客房,客房,1张特大床,城市景观",596.00,586.20
2022-08-26,万豪,青岛西海岸隆和福朋喜来登酒店,"舒适客房,客房,1张特大床,城市景观",677.00,663.15
2022-08-26,万豪,青岛西海岸隆和福朋喜来登酒店,"海景客房,客房,1张特大床,海洋景观",691.00,676.45
2022-08-26,万豪,青岛西海岸隆和福朋喜来登酒店,"海景客房,客房,1张特大床,海洋景观",777.00,758.15
2022-08-26,万豪,青岛西海岸隆和福朋喜来登酒店,"海景开放式套房,1卧室小型套房,张特大床,海洋景观",881.00,856.95
2022-08-26,万豪,青岛西海岸隆和福朋喜来登酒店,"福朋套房,1卧室大型套房,1张特大床,海洋景观",1071.00,1027.45
2022-08-26,万豪,青岛西海岸隆和福朋喜来登酒店,"豪华海景套房,2卧室2厅套房,卧室1:1张特大床,卧室2:2张双人床",1831.00,1749.45
2022-08-26,万豪,青岛西海岸隆和福朋喜来登酒店,"总统套房,行政楼层,2卧室总统套房,海洋景观",3482.00,3273.08
2022-08-26,万豪,青岛胶州绿城喜来登酒店,"1张特大床,客房",569.00,560.55
2022-08-26,万豪,青岛胶州绿城喜来登酒店,"2张双人床,高楼层-18层及以上楼层,客房",587.00,577.65
2022-08-26,万豪,青岛胶州绿城喜来登酒店,"客房,1张特大床",617.00,606.15
2022-08-26,万豪,青岛胶州绿城喜来登酒店,"客房,1张特大床,城市景观",644.00,631.80
2022-08-26,万豪,青岛胶州绿城喜来登酒店,"1张特大床,行政酒廊礼遇,客房",759.00,741.05
2022-08-26,万豪,青岛胶州绿城喜来登酒店,"1张特大床,行政酒廊礼遇,单卧室套房",853.00,830.35
2022-08-26,万豪,青岛胶州绿城喜来登酒店,"礼宾酒廊礼遇,1卧室套房,1张特大床",869.00,845.55
2022-08-26,万豪,青岛胶州绿城喜来登酒店,"1张特大床,行政酒廊礼遇,大型单卧室套房",949.00,921.55
2022-08-26,万豪,青岛西海岸威斯汀酒店,"2张单人床,客房",712.00,696.40
2022-08-26,万豪,青岛西海岸威斯汀酒店,"2张单人床,大型客房",750.00,732.50
2022-08-26,万豪,青岛西海岸威斯汀酒店,"客房,2张单人床",760.00,742.00
2022-08-26,万豪,青岛西海岸威斯汀酒店,"1张特大床,大型客房",769.00,750.55
2022-08-26,万豪,青岛西海岸威斯汀酒店,"大型客房,2张单人床",797.00,777.15
2022-08-26,万豪,青岛西海岸威斯汀酒店,"大型客房,1张特大床",817.00,796.15
2022-08-26,万豪,青岛西海岸威斯汀酒店,"2张单人床,行政酒廊礼遇,大型客房",996.00,966.20
2022-08-26,万豪,青岛西海岸威斯汀酒店,"1张特大床,行政酒廊礼遇,大型客房",1016.00,975.20
2022-08-26,万豪,青岛西海岸威斯汀酒店,"行政酒廊礼遇,大型客房,2张单人床",1049.00,1006.55
2022-08-26,万豪,青岛西海岸威斯汀酒店,"行政酒廊礼遇,大型客房,1张特大床",1069.00,1025.55
2022-08-26,万豪,青岛西海岸威斯汀酒店,"1张特大床,行政酒廊礼遇,套房",1073.00,1029.35
2022-08-26,万豪,青岛西海岸威斯汀酒店,"行政酒廊礼遇,1卧室套房,张特大床",1129.00,1082.55
2022-08-26,万豪,青岛西海岸威斯汀酒店,"1张特大床,行政酒廊礼遇,大型套房",2292.00,2177.40
2022-08-27,万豪,青岛威斯汀酒店,"1张特大床,大型客房",1064.00,1020.80
2022-08-27,万豪,青岛威斯汀酒店,"1张特大床,城市景观,单卧室精致套房",1092.00,1047.40
2022-08-27,万豪,青岛威斯汀酒店,"客房,2张双人床,城市景观",1119.00,1073.05
2022-08-27,万豪,青岛威斯汀酒店,"大型客房,1张特大床,城市景观",1139.00,1092.05
2022-08-27,万豪,青岛威斯汀酒店,"1卧室小型套房,1张特大床,城市景观",1169.00,1120.55
2022-08-27,万豪,青岛威斯汀酒店,"1卧室套房,1张特大床,城市景观",1238.00,1186.10
2022-08-27,万豪,青岛威斯汀酒店,"1张特大床,城市景观,行政酒廊礼遇,客房",1282.00,1227.90
2022-08-27,万豪,青岛威斯汀酒店,"行政酒廊礼遇,1卧室小型套房,1张特大床,城市景观",1330.00,1273.50
2022-08-27,万豪,青岛威斯汀酒店,"行政酒廊礼遇,客房,1张特大床,海洋景观,高楼层",1750.00,1672.50
2022-08-27,万豪,青岛威斯汀酒店,"行政酒廊礼遇,1卧室大型套房,1张特大床,城市景观",1899.00,1814.05
2022-08-27,万豪,青岛威斯汀酒店,"行政酒廊礼遇,1卧室大型套房,1张特大床,海洋景观,高楼层",2279.00,2165.05
2022-08-27,万豪,青岛威斯汀酒店,"行政酒廊礼遇,1卧室住宅式套房,1张特大床,城市景观,高楼层",3735.00,3510.90
2022-08-27,万豪,青岛瑞吉酒店,"天际海景大床房,客房,1张特大床,海洋景观",3264.00,3068.16
2022-08-27,万豪,青岛瑞吉酒店,"天际海景大床房,客房,1张特大床,海洋景观",3344.00,3143.36
2022-08-27,万豪,青岛瑞吉酒店,"奥帆海港景观大床房,客房,1张特大床,天际线景观",3381.00,3178.14
2022-08-27,万豪,青岛瑞吉酒店,"奥帆海港景观大床房,客房,1张特大床,天际线景观",3544.00,3331.36
2022-08-27,万豪,青岛瑞吉酒店,"约翰雅各布阿斯特海景套房,套房,1张特大床,海洋景观",5946.00,5589.24
2022-08-27,万豪,青岛瑞吉酒店,"约翰雅各布阿斯特海景套房,套房,1张特大床,海洋景观",6109.00,5742.46
2022-08-27,万豪,青岛瑞吉酒店,"卡罗琳阿斯特海景套房,1卧室套房,1张特大床,海洋景观",6179.00,5808.26
2022-08-27,万豪,青岛瑞吉酒店,"卡罗琳阿斯特海景套房,1卧室套房,1张特大床,海洋景观",6343.00,5962.42
2022-08-27,万豪,青岛瑞吉酒店,"大都会海景套房,1卧室套房,1张特大床,海洋景观",14575.00,13700.50
2022-08-27,万豪,青岛瑞吉酒店,"总统套房,1张特大床,海洋景观",78888.00,74154.72
2022-08-27,万豪,青岛富力艾美酒店,"客房,1张特大床,高楼层",874.00,850.30
2022-08-27,万豪,青岛富力艾美酒店,"大型客房,1张特大床",932.00,905.40
2022-08-27,万豪,青岛李沧绿城喜来登酒店,"2张单人床,城市景观,客房",626.00,614.70
2022-08-27,万豪,青岛李沧绿城喜来登酒店,"2张单人床,山峦景观,客房",628.00,616.60
2022-08-27,万豪,青岛李沧绿城喜来登酒店,"1张特大床,城市景观,客房",642.00,629.90
2022-08-27,万豪,青岛李沧绿城喜来登酒店,"1张特大床,山峦景观,客房",644.00,631.80
2022-08-27,万豪,青岛李沧绿城喜来登酒店,"客房,2张单人床,城市景观",658.00,645.10
2022-08-27,万豪,青岛李沧绿城喜来登酒店,"1张特大床,湖景,客房",661.00,647.95
2022-08-27,万豪,青岛李沧绿城喜来登酒店,"客房,2张单人床,山峦景观,高楼层",675.00,661.25
2022-08-27,万豪,青岛李沧绿城喜来登酒店,"客房,1张特大床,城市景观",676.00,662.20
2022-08-27,万豪,青岛李沧绿城喜来登酒店,"客房,1张特大床,山峦景观,高楼层",692.00,677.40
2022-08-27,万豪,青岛李沧绿城喜来登酒店,"客房,1张特大床,湖泊景观,高楼层",708.00,692.60
2022-08-27,万豪,青岛李沧绿城喜来登酒店,"行政酒廊礼遇,客房,2张单人床,城市景观,高楼层",758.00,740.10
2022-08-27,万豪,青岛李沧绿城喜来登酒店,"行政酒廊礼遇,客房,1张特大床,城市景观,高楼层",776.00,757.20
2022-08-27,万豪,青岛李沧绿城喜来登酒店,"1张特大床,湖景,行政酒廊礼遇,套房",811.00,790.45
2022-08-27,万豪,青岛李沧绿城喜来登酒店,"行政酒廊礼遇,套房,1张特大床,湖泊景观",854.00,831.30
2022-08-27,万豪,青岛李沧绿城喜来登酒店,"1张特大床,湖景,行政酒廊礼遇,大型套房",1642.00,1569.90
2022-08-27,万豪,黄岛泰成喜来登酒店,"1张特大床,客房",663.00,649.85
2022-08-27,万豪,黄岛泰成喜来登酒店,"客房,1张特大床,城市景观,城市景观",710.00,694.50
2022-08-27,万豪,黄岛泰成喜来登酒店,"1张特大床,海景,客房",757.00,739.15
2022-08-27,万豪,黄岛泰成喜来登酒店,"客房,1张特大床,唐岛湾景观,海洋景观",805.00,784.75
2022-08-27,万豪,黄岛泰成喜来登酒店,"1张特大床,行政酒廊礼遇,客房",947.00,919.65
2022-08-27,万豪,黄岛泰成喜来登酒店,"1张特大床,行政酒廊礼遇,单卧室套房",1043.00,1000.85
2022-08-27,万豪,黄岛泰成喜来登酒店,"1张特大床,海景,行政酒廊礼遇,单卧室套房",1138.00,1091.10
2022-08-27,万豪,青岛城阳宝龙福朋喜来登酒店,"双床房,客房,2张单人床",529.00,522.55
2022-08-27,万豪,青岛城阳宝龙福朋喜来登酒店,"双床房,客房,2张单人床",567.00,558.65
2022-08-27,万豪,青岛城阳宝龙福朋喜来登酒店,"豪华客房,客房,1张特大床",573.00,564.35
2022-08-27,万豪,青岛城阳宝龙福朋喜来登酒店,"豪华客房,客房,1张特大床",617.00,606.15
2022-08-27,万豪,青岛城阳宝龙福朋喜来登酒店,"行政楼层,客房,1张特大床,高楼层",695.00,680.25
2022-08-27,万豪,青岛城阳宝龙福朋喜来登酒店,"1卧室小型套房,1张特大床",751.00,733.45
2022-08-27,万豪,青岛城阳宝龙福朋喜来登酒店,"行政套房,行政酒廊礼遇,1卧室大型套房,1张特大床",806.00,785.70
2022-08-27,万豪,青岛城阳宝龙福朋喜来登酒店,"行政酒廊礼遇,1卧室大型套房,1张特大床,远离电梯",861.00,837.95
2022-08-27,万豪,青岛城阳宝龙福朋喜来登酒店,"总统套房,行政楼层,2卧室总统套房,高楼层",5593.00,5257.42
2022-08-27,万豪,青岛西海岸隆和艾美度假酒店,"双人床客房,客房,2张双人床,城市景观",862.00,838.90
2022-08-27,万豪,青岛西海岸隆和艾美度假酒店,"双人床客房,客房,2张双人床,城市景观",919.00,893.05
2022-08-27,万豪,青岛西海岸隆和艾美度假酒店,"双人床海景房,客房,2张双人床,海洋景观,阳台",957.00,929.15
2022-08-27,万豪,青岛西海岸隆和艾美度假酒店,"双人床海景房,客房,2张双人床,海洋景观,阳台",1014.00,973.30
2022-08-27,万豪,青岛西海岸隆和福朋喜来登酒店,"舒适客房,客房,1张特大床,城市景观",530.00,523.50
2022-08-27,万豪,青岛西海岸隆和福朋喜来登酒店,"舒适客房,客房,1张特大床,城市景观",608.00,597.60
2022-08-27,万豪,青岛西海岸隆和福朋喜来登酒店,"海景客房,客房,1张特大床,海洋景观",625.00,613.75
2022-08-27,万豪,青岛西海岸隆和福朋喜来登酒店,"海景客房,客房,1张特大床,海洋景观",708.00,692.60
2022-08-27,万豪,青岛西海岸隆和福朋喜来登酒店,"海景开放式套房,1卧室小型套房,张特大床,海洋景观",815.00,794.25
2022-08-27,万豪,青岛西海岸隆和福朋喜来登酒店,"福朋套房,1卧室大型套房,1张特大床,海洋景观",1005.00,964.75
2022-08-27,万豪,青岛西海岸隆和福朋喜来登酒店,"总统套房,行政楼层,2卧室总统套房,海洋景观",3482.00,3273.08
2022-08-27,万豪,青岛胶州绿城喜来登酒店,"1张特大床,客房",569.00,560.55
2022-08-27,万豪,青岛胶州绿城喜来登酒店,"1张特大床,城市景观,客房",587.00,577.65
2022-08-27,万豪,青岛胶州绿城喜来登酒店,"客房,1张特大床",617.00,606.15
2022-08-27,万豪,青岛胶州绿城喜来登酒店,"客房,1张特大床,城市景观",644.00,631.80
2022-08-27,万豪,青岛胶州绿城喜来登酒店,"1张特大床,行政酒廊礼遇,客房",759.00,741.05
2022-08-27,万豪,青岛胶州绿城喜来登酒店,"1张特大床,行政酒廊礼遇,单卧室套房",853.00,830.35
2022-08-27,万豪,青岛胶州绿城喜来登酒店,"礼宾酒廊礼遇,1卧室套房,1张特大床",938.00,911.10
2022-08-27,万豪,青岛胶州绿城喜来登酒店,"1张特大床,行政酒廊礼遇,大型单卧室套房",949.00,921.55
2022-08-27,万豪,青岛西海岸威斯汀酒店,"2张单人床,客房",588.00,578.60
2022-08-27,万豪,青岛西海岸威斯汀酒店,"1张特大床,客房",607.00,596.65
2022-08-27,万豪,青岛西海岸威斯汀酒店,"2张单人床,大型客房",627.00,615.65
2022-08-27,万豪,青岛西海岸威斯汀酒店,"客房,2张单人床",636.00,624.20
2022-08-27,万豪,青岛西海岸威斯汀酒店,"1张特大床,大型客房",645.00,632.75
2022-08-27,万豪,青岛西海岸威斯汀酒店,"客房,1张特大床",655.00,642.25
2022-08-27,万豪,青岛西海岸威斯汀酒店,"大型客房,2张单人床",673.00,659.35
2022-08-27,万豪,青岛西海岸威斯汀酒店,"大型客房,1张特大床",693.00,678.35
2022-08-27,万豪,青岛西海岸威斯汀酒店,"1张特大床,行政酒廊礼遇,大型客房",893.00,868.35
2022-08-27,万豪,青岛西海岸威斯汀酒店,"行政酒廊礼遇,大型客房,1张特大床",939.00,912.05
2022-08-27,万豪,青岛西海岸威斯汀酒店,"1张特大床,行政酒廊礼遇,大型套房",2168.00,2059.60
2022-08-28,万豪,青岛威斯汀酒店,"1张特大床,城市景观,大型客房",950.00,922.50
2022-08-28,万豪,青岛威斯汀酒店,"1张特大床,城市景观,单卧室精致套房",979.00,950.05
2022-08-28,万豪,青岛威斯汀酒店,"大型客房,1张特大床,城市景观",989.00,959.55
2022-08-28,万豪,青岛威斯汀酒店,"1卧室小型套房,1张特大床,城市景观",1019.00,978.05
2022-08-28,万豪,青岛威斯汀酒店,"1卧室套房,1张特大床,城市景观",1129.00,1082.55
2022-08-28,万豪,青岛威斯汀酒店,"1张特大床,城市景观,行政酒廊礼遇,客房",1176.00,1127.20
2022-08-28,万豪,青岛威斯汀酒店,"行政酒廊礼遇,1卧室小型套房,1张特大床,城市景观",1225.00,1173.75
2022-08-28,万豪,青岛威斯汀酒店,"行政酒廊礼遇,1卧室大型套房,1张特大床,海洋景观,高楼层",2106.00,2000.70
2022-08-28,万豪,青岛瑞吉酒店,"云端大床房,客房,1张特大床,城市景观",2513.00,2387.35
2022-08-28,万豪,青岛瑞吉酒店,"云端大床房,客房,1张特大床,城市景观",2645.00,2512.75
2022-08-28,万豪,青岛瑞吉酒店,"豪华海景双床房,客房,2张单人床,海洋景观",2685.00,2550.75
2022-08-28,万豪,青岛瑞吉酒店,"天际海景大床房,客房,1张特大床,海洋景观",2798.00,2658.10
2022-08-28,万豪,青岛瑞吉酒店,"豪华海景双床房,客房,2张单人床,海洋景观",2820.00,2679.00
2022-08-28,万豪,青岛瑞吉酒店,"天际海景大床房,客房,1张特大床,海洋景观",2878.00,2734.10
2022-08-28,万豪,青岛瑞吉酒店,"奥帆海港景观大床房,客房,1张特大床,天际线景观",2891.00,2746.45
2022-08-28,万豪,青岛瑞吉酒店,"天际海景双床房,客房,2张单人床,海洋景观",2961.00,2812.95
2022-08-28,万豪,青岛瑞吉酒店,"奥帆海港景观大床房,客房,1张特大床,天际线景观",3054.00,2870.76
2022-08-28,万豪,青岛瑞吉酒店,"卡罗琳阿斯特海景套房,1卧室套房,1张特大床,海洋景观",5363.00,5041.22
2022-08-28,万豪,青岛瑞吉酒店,"卡罗琳阿斯特海景套房,1卧室套房,1张特大床,海洋景观",5526.00,5194.44
2022-08-28,万豪,青岛瑞吉酒店,"大都会海景套房,1卧室套房,1张特大床,海洋景观",14225.00,13371.50
2022-08-28,万豪,青岛瑞吉酒店,"总统套房,1张特大床,海洋景观",78888.00,74154.72
2022-08-28,万豪,青岛富力艾美酒店,"2张单人床,客房",643.00,630.85
2022-08-28,万豪,青岛富力艾美酒店,"1张特大床,客房",663.00,649.85
2022-08-28,万豪,青岛富力艾美酒店,"客房,2张单人床",712.00,696.40
2022-08-28,万豪,青岛富力艾美酒店,"2张双人床,高楼层,客房",721.00,704.95
2022-08-28,万豪,青岛富力艾美酒店,"客房,1张特大床",731.00,714.45
2022-08-28,万豪,青岛富力艾美酒店,"1张特大床,高楼层,客房",741.00,723.95
2022-08-28,万豪,青岛富力艾美酒店,"客房,1张特大床,高楼层",756.00,738.20
2022-08-28,万豪,青岛富力艾美酒店,"客房,2张双人床,高楼层",790.00,770.50
2022-08-28,万豪,青岛富力艾美酒店,"1张特大床,大型客房",801.00,780.95
2022-08-28,万豪,青岛富力艾美酒店,"大型客房,1张特大床",868.00,844.60
2022-08-28,万豪,青岛富力艾美酒店,"2张双人床,行政酒廊礼遇,客房",908.00,882.60
2022-08-28,万豪,青岛富力艾美酒店,"1张特大床,行政酒廊礼遇,单卧室精致套房",2602.00,2471.90
2022-08-28,万豪,青岛富力艾美酒店,"行政酒廊礼遇,1卧室小型套房,1张特大床",2955.00,2807.25
2022-08-28,万豪,青岛富力艾美酒店,"1张特大床,行政酒廊礼遇,大型单卧室套房",3288.00,3090.72
2022-08-28,万豪,青岛李沧绿城喜来登酒店,"2张单人床,城市景观,客房",601.00,590.95
2022-08-28,万豪,青岛李沧绿城喜来登酒店,"2张单人床,山峦景观,客房",603.00,592.85
2022-08-28,万豪,青岛李沧绿城喜来登酒店,"客房,2张单人床,城市景观",614.00,603.30
2022-08-28,万豪,青岛李沧绿城喜来登酒店,"2张单人床,湖景,客房",621.00,609.95
2022-08-28,万豪,青岛李沧绿城喜来登酒店,"1张特大床,城市景观,客房",642.00,629.90
2022-08-28,万豪,青岛李沧绿城喜来登酒店,"1张特大床,山峦景观,客房",644.00,631.80
2022-08-28,万豪,青岛李沧绿城喜来登酒店,"客房,2张单人床,山峦景观,高楼层",652.00,639.40
2022-08-28,万豪,青岛李沧绿城喜来登酒店,"客房,1张特大床,城市景观",655.00,642.25
2022-08-28,万豪,青岛李沧绿城喜来登酒店,"1张特大床,湖景,客房",662.00,648.90
2022-08-28,万豪,青岛李沧绿城喜来登酒店,"客房,2张单人床,湖泊景观,高楼层",670.00,656.50
2022-08-28,万豪,青岛李沧绿城喜来登酒店,"客房,1张特大床,山峦景观,高楼层",693.00,678.35
2022-08-28,万豪,青岛李沧绿城喜来登酒店,"客房,1张特大床,湖泊景观,高楼层",711.00,695.45
2022-08-28,万豪,青岛李沧绿城喜来登酒店,"行政酒廊礼遇,客房,2张单人床,城市景观,高楼层",714.00,698.30
2022-08-28,万豪,青岛李沧绿城喜来登酒店,"行政酒廊礼遇,客房,1张特大床,城市景观,高楼层",755.00,737.25
2022-08-28,万豪,青岛李沧绿城喜来登酒店,"1张特大床,湖景,行政酒廊礼遇,套房",817.00,796.15
2022-08-28,万豪,青岛李沧绿城喜来登酒店,"行政酒廊礼遇,套房,1张特大床,湖泊景观",833.00,811.35
2022-08-28,万豪,青岛李沧绿城喜来登酒店,"1张特大床,湖景,行政酒廊礼遇,大型套房",1674.00,1600.30
2022-08-28,万豪,黄岛泰成喜来登酒店,"1张特大床,客房",605.00,594.75
2022-08-28,万豪,黄岛泰成喜来登酒店,"客房,1张特大床,城市景观,城市景观",654.00,641.30
2022-08-28,万豪,黄岛泰成喜来登酒店,"1张特大床,海景,客房",703.00,687.85
2022-08-28,万豪,黄岛泰成喜来登酒店,"客房,1张特大床,唐岛湾景观,海洋景观",752.00,734.40
2022-08-28,万豪,黄岛泰成喜来登酒店,"1张特大床,行政酒廊礼遇,客房",900.00,875.00
2022-08-28,万豪,黄岛泰成喜来登酒店,"1张特大床,行政酒廊礼遇,单卧室套房",998.00,968.10
2022-08-28,万豪,黄岛泰成喜来登酒店,"1张特大床,海景,行政酒廊礼遇,单卧室套房",1096.00,1051.20
2022-08-28,万豪,青岛城阳宝龙福朋喜来登酒店,"双床房,客房,2张单人床",449.00,446.55
2022-08-28,万豪,青岛城阳宝龙福朋喜来登酒店,"双床房,客房,2张单人床",468.00,464.60
2022-08-28,万豪,青岛城阳宝龙福朋喜来登酒店,"豪华客房,客房,1张特大床",494.00,489.30
2022-08-28,万豪,青岛城阳宝龙福朋喜来登酒店,"豪华客房,客房,1张特大床",541.00,533.95
2022-08-28,万豪,青岛城阳宝龙福朋喜来登酒店,"行政楼层,客房,1张特大床,高楼层",620.00,609.00
2022-08-28,万豪,青岛城阳宝龙福朋喜来登酒店,"1卧室小型套房,1张特大床",677.00,663.15
2022-08-28,万豪,青岛城阳宝龙福朋喜来登酒店,"行政套房,行政酒廊礼遇,1卧室大型套房,1张特大床",734.00,717.30
2022-08-28,万豪,青岛城阳宝龙福朋喜来登酒店,"行政酒廊礼遇,1卧室大型套房,1张特大床,远离电梯",791.00,771.45
2022-08-28,万豪,青岛西海岸隆和艾美度假酒店,"双人床客房,客房,2张双人床,城市景观",644.00,631.80
2022-08-28,万豪,青岛西海岸隆和艾美度假酒店,"双人床客房,客房,2张双人床,城市景观",703.00,687.85
2022-08-28,万豪,青岛西海岸隆和艾美度假酒店,"双人床海景房,客房,2张双人床,海洋景观,阳台",742.00,724.90
2022-08-28,万豪,青岛西海岸隆和艾美度假酒店,"双人床海景房,客房,2张双人床,海洋景观,阳台",802.00,781.90
2022-08-28,万豪,青岛西海岸隆和艾美度假酒店,"特大床海景套房,1卧室套房,1张特大床,海洋景观,阳台",1085.00,1040.75
2022-08-28,万豪,青岛西海岸隆和福朋喜来登酒店,"舒适客房,客房,1张特大床,城市景观",546.00,538.70
2022-08-28,万豪,青岛西海岸隆和福朋喜来登酒店,"舒适客房,客房,1张特大床,城市景观",608.00,597.60
2022-08-28,万豪,青岛西海岸隆和福朋喜来登酒店,"海景客房,客房,1张特大床,海洋景观",644.00,631.80
2022-08-28,万豪,青岛西海岸隆和福朋喜来登酒店,"海景客房,客房,1张特大床,海洋景观",708.00,692.60
2022-08-28,万豪,青岛西海岸隆和福朋喜来登酒店,"海景开放式套房,1卧室小型套房,张特大床,海洋景观",840.00,818.00
2022-08-28,万豪,青岛西海岸隆和福朋喜来登酒店,"福朋套房,1卧室大型套房,1张特大床,海洋景观",1036.00,994.20
2022-08-28,万豪,青岛西海岸隆和福朋喜来登酒店,"豪华海景套房,2卧室2厅套房,卧室1:1张特大床,卧室2:2张双人床",1820.00,1739.00
2022-08-28,万豪,青岛西海岸隆和福朋喜来登酒店,"总统套房,行政楼层,2卧室总统套房,海洋景观",3592.00,3376.48
2022-08-28,万豪,青岛胶州绿城喜来登酒店,"1张特大床,客房",684.00,669.80
2022-08-28,万豪,青岛胶州绿城喜来登酒店,"1张特大床,城市景观,客房",703.00,687.85
2022-08-28,万豪,青岛胶州绿城喜来登酒店,"客房,1张特大床",717.00,701.15
2022-08-28,万豪,青岛胶州绿城喜来登酒店,"客房,1张特大床,城市景观",757.00,739.15
2022-08-28,万豪,青岛胶州绿城喜来登酒店,"1张特大床,行政酒廊礼遇,客房",880.00,856.00
2022-08-28,万豪,青岛胶州绿城喜来登酒店,"礼宾酒廊礼遇,1卧室套房,1张特大床",968.00,939.60
2022-08-28,万豪,青岛胶州绿城喜来登酒店,"1张特大床,行政酒廊礼遇,单卧室套房",978.00,949.10
2022-08-28,万豪,青岛胶州绿城喜来登酒店,"1张特大床,行政酒廊礼遇,大型单卧室套房",1076.00,1032.20
2022-08-28,万豪,青岛西海岸威斯汀酒店,"2张单人床,客房",607.00,596.65
2022-08-28,万豪,青岛西海岸威斯汀酒店,"1张特大床,客房",627.00,615.65
2022-08-28,万豪,青岛西海岸威斯汀酒店,"2张单人床,大型客房",647.00,634.65
2022-08-28,万豪,青岛西海岸威斯汀酒店,"客房,2张单人床",656.00,643.20
2022-08-28,万豪,青岛西海岸威斯汀酒店,"1张特大床,大型客房",666.00,652.70
2022-08-28,万豪,青岛西海岸威斯汀酒店,"客房,1张特大床",676.00,662.20
2022-08-28,万豪,青岛西海岸威斯汀酒店,"大型客房,2张单人床",696.00,681.20
2022-08-28,万豪,青岛西海岸威斯汀酒店,"大型客房,1张特大床",715.00,699.25
2022-08-28,万豪,青岛西海岸威斯汀酒店,"2张单人床,行政酒廊礼遇,大型客房",901.00,875.95
2022-08-28,万豪,青岛西海岸威斯汀酒店,"行政酒廊礼遇,大型客房,2张单人床",920.00,894.00
2022-08-28,万豪,青岛西海岸威斯汀酒店,"1张特大床,行政酒廊礼遇,大型客房",921.00,894.95
2022-08-28,万豪,青岛西海岸威斯汀酒店,"行政酒廊礼遇,大型客房,1张特大床",939.00,912.05
2022-08-28,万豪,青岛西海岸威斯汀酒店,"1张特大床,行政酒廊礼遇,套房",979.00,950.05
2022-08-28,万豪,青岛西海岸威斯汀酒店,"行政酒廊礼遇,1卧室套房,张特大床",999.00,969.05
2022-08-28,万豪,青岛西海岸威斯汀酒店,"1张特大床,行政酒廊礼遇,大型套房",2236.00,2124.20
2022-08-29,万豪,青岛威斯汀酒店,"1张特大床,城市景观,大型客房",1087.00,1042.65
2022-08-29,万豪,青岛威斯汀酒店,"1张特大床,城市景观,单卧室精致套房",1097.00,1052.15
2022-08-29,万豪,青岛威斯汀酒店,"1卧室小型套房,1张特大床,城市景观",1139.00,1092.05
2022-08-29,万豪,青岛威斯汀酒店,"1卧室套房,1张特大床,城市景观",1287.00,1232.65
2022-08-29,万豪,青岛威斯汀酒店,"1张特大床,城市景观,行政酒廊礼遇,客房",1293.00,1238.35
2022-08-29,万豪,青岛威斯汀酒店,"行政酒廊礼遇,1卧室小型套房,1张特大床,城市景观",1342.00,1284.90
2022-08-29,万豪,青岛威斯汀酒店,"行政酒廊礼遇,1卧室大型套房,1张特大床,海洋景观,高楼层",2551.00,2423.45
2022-08-29,万豪,青岛威斯汀酒店,"行政酒廊礼遇,1卧室住宅式套房,1张特大床,城市景观,高楼层",3775.00,3548.50
2022-08-29,万豪,青岛瑞吉酒店,"云端大床房,客房,1张特大床,城市景观",1599.00,1529.05
2022-08-29,万豪,青岛瑞吉酒店,"云端大床房,客房,1张特大床,城市景观",1712.00,1636.40
2022-08-29,万豪,青岛瑞吉酒店,"豪华海景双床房,客房,2张单人床,海洋景观",1771.00,1692.45
2022-08-29,万豪,青岛瑞吉酒店,"天际海景大床房,客房,1张特大床,海洋景观",1865.00,1781.75
2022-08-29,万豪,青岛瑞吉酒店,"豪华海景双床房,客房,2张单人床,海洋景观",1887.00,1802.65
2022-08-29,万豪,青岛瑞吉酒店,"八大关滨海景观大床房,客房,1张特大床,八大关景观,海洋景观",1923.00,1836.85
2022-08-29,万豪,青岛瑞吉酒店,"天际海景大床房,客房,1张特大床,海洋景观",1945.00,1857.75
2022-08-29,万豪,青岛瑞吉酒店,"奥帆海港景观大床房,客房,1张特大床,天际线景观",1958.00,1870.10
2022-08-29,万豪,青岛瑞吉酒店,"天际海景双床房,客房,2张单人床,海洋景观",2028.00,1926.60
2022-08-29,万豪,青岛瑞吉酒店,"八大关滨海景观大床房,客房,1张特大床,八大关景观,海洋景观",2087.00,1982.65
2022-08-29,万豪,青岛瑞吉酒店,"奥帆海港景观大床房,客房,1张特大床,天际线景观",2122.00,2015.90
2022-08-29,万豪,青岛瑞吉酒店,"大都会海景套房,1卧室套房,1张特大床,海洋景观",13292.00,12494.48
2022-08-29,万豪,青岛瑞吉酒店,"总统套房,1张特大床,海洋景观",78888.00,74154.72
2022-08-29,万豪,青岛富力艾美酒店,"2张单人床,客房",657.00,644.15
2022-08-29,万豪,青岛富力艾美酒店,"1张特大床,客房",676.00,662.20
2022-08-29,万豪,青岛富力艾美酒店,"客房,2张单人床",725.00,708.75
2022-08-29,万豪,青岛富力艾美酒店,"2张双人床,高楼层,客房",735.00,718.25
2022-08-29,万豪,青岛富力艾美酒店,"客房,1张特大床",745.00,727.75
2022-08-29,万豪,青岛富力艾美酒店,"1张特大床,高楼层,客房",755.00,737.25
2022-08-29,万豪,青岛富力艾美酒店,"客房,1张特大床,高楼层",770.00,751.50
2022-08-29,万豪,青岛富力艾美酒店,"客房,2张双人床,高楼层",804.00,783.80
2022-08-29,万豪,青岛富力艾美酒店,"1张特大床,大型客房",813.00,792.35
2022-08-29,万豪,青岛富力艾美酒店,"大型客房,1张特大床",882.00,857.90
2022-08-29,万豪,青岛富力艾美酒店,"2张双人床,行政酒廊礼遇,客房",921.00,894.95
2022-08-29,万豪,青岛富力艾美酒店,"1张特大床,行政酒廊礼遇,单卧室精致套房",2616.00,2485.20
2022-08-29,万豪,青岛富力艾美酒店,"行政酒廊礼遇,1卧室小型套房,1张特大床",2969.00,2820.55
2022-08-29,万豪,青岛富力艾美酒店,"1张特大床,行政酒廊礼遇,大型单卧室套房",3302.00,3103.88
2022-08-29,万豪,青岛李沧绿城喜来登酒店,"2张单人床,城市景观,客房",684.00,669.80
2022-08-29,万豪,青岛李沧绿城喜来登酒店,"2张单人床,山峦景观,客房",686.00,671.70
2022-08-29,万豪,青岛李沧绿城喜来登酒店,"客房,2张单人床,城市景观",698.00,683.10
2022-08-29,万豪,青岛李沧绿城喜来登酒店,"2张单人床,湖景,客房",704.00,688.80
2022-08-29,万豪,青岛李沧绿城喜来登酒店,"1张特大床,城市景观,客房",729.00,712.55
2022-08-29,万豪,青岛李沧绿城喜来登酒店,"1张特大床,山峦景观,客房",732.00,715.40
2022-08-29,万豪,青岛李沧绿城喜来登酒店,"客房,2张单人床,山峦景观,高楼层",735.00,718.25
2022-08-29,万豪,青岛李沧绿城喜来登酒店,"客房,1张特大床,城市景观",745.00,727.75
2022-08-29,万豪,青岛李沧绿城喜来登酒店,"1张特大床,湖景,客房",749.00,731.55
2022-08-29,万豪,青岛李沧绿城喜来登酒店,"客房,2张单人床,湖泊景观,高楼层",753.00,735.35
2022-08-29,万豪,青岛李沧绿城喜来登酒店,"客房,1张特大床,山峦景观,高楼层",781.00,761.95
2022-08-29,万豪,青岛李沧绿城喜来登酒店,"客房,1张特大床,湖泊景观,高楼层",798.00,778.10
2022-08-29,万豪,青岛李沧绿城喜来登酒店,"行政酒廊礼遇,客房,1张特大床,城市景观,高楼层",845.00,822.75
2022-08-29,万豪,青岛李沧绿城喜来登酒店,"1张特大床,湖景,行政酒廊礼遇,套房",904.00,878.80
2022-08-29,万豪,青岛李沧绿城喜来登酒店,"行政酒廊礼遇,套房,1张特大床,湖泊景观",923.00,896.85
2022-08-29,万豪,青岛李沧绿城喜来登酒店,"1张特大床,湖景,行政酒廊礼遇,大型套房",1761.00,1682.95
2022-08-29,万豪,黄岛泰成喜来登酒店,"1张特大床,客房",605.00,594.75
2022-08-29,万豪,黄岛泰成喜来登酒店,"客房,1张特大床,城市景观,城市景观",654.00,641.30
2022-08-29,万豪,黄岛泰成喜来登酒店,"1张特大床,海景,客房",703.00,687.85
2022-08-29,万豪,黄岛泰成喜来登酒店,"客房,1张特大床,唐岛湾景观,海洋景观",752.00,734.40
2022-08-29,万豪,黄岛泰成喜来登酒店,"1张特大床,行政酒廊礼遇,客房",900.00,875.00
2022-08-29,万豪,黄岛泰成喜来登酒店,"1张特大床,行政酒廊礼遇,单卧室套房",998.00,968.10
2022-08-29,万豪,黄岛泰成喜来登酒店,"1张特大床,海景,行政酒廊礼遇,单卧室套房",1096.00,1051.20
2022-08-29,万豪,青岛城阳宝龙福朋喜来登酒店,"双床房,客房,2张单人床",449.00,446.55
2022-08-29,万豪,青岛城阳宝龙福朋喜来登酒店,"双床房,客房,2张单人床",468.00,464.60
2022-08-29,万豪,青岛城阳宝龙福朋喜来登酒店,"豪华客房,客房,1张特大床",494.00,489.30
2022-08-29,万豪,青岛城阳宝龙福朋喜来登酒店,"豪华客房,客房,1张特大床",541.00,533.95
2022-08-29,万豪,青岛城阳宝龙福朋喜来登酒店,"行政楼层,客房,1张特大床,高楼层",620.00,609.00
2022-08-29,万豪,青岛城阳宝龙福朋喜来登酒店,"1卧室小型套房,1张特大床",677.00,663.15
2022-08-29,万豪,青岛城阳宝龙福朋喜来登酒店,"行政套房,行政酒廊礼遇,1卧室大型套房,1张特大床",734.00,717.30
2022-08-29,万豪,青岛城阳宝龙福朋喜来登酒店,"行政酒廊礼遇,1卧室大型套房,1张特大床,远离电梯",791.00,771.45
2022-08-29,万豪,青岛西海岸隆和艾美度假酒店,"双人床客房,客房,2张双人床,城市景观",644.00,631.80
2022-08-29,万豪,青岛西海岸隆和艾美度假酒店,"双人床客房,客房,2张双人床,城市景观",703.00,687.85
2022-08-29,万豪,青岛西海岸隆和艾美度假酒店,"双人床海景房,客房,2张双人床,海洋景观,阳台",742.00,724.90
2022-08-29,万豪,青岛西海岸隆和艾美度假酒店,"双人床海景房,客房,2张双人床,海洋景观,阳台",802.00,781.90
2022-08-29,万豪,青岛西海岸隆和艾美度假酒店,"特大床海景套房,1卧室套房,1张特大床,海洋景观,阳台",1085.00,1040.75
2022-08-29,万豪,青岛西海岸隆和艾美度假酒店,"探索海景套房,1卧室大型套房,1张特大床,海洋景观,阳台",1281.00,1226.95
2022-08-29,万豪,青岛西海岸隆和福朋喜来登酒店,"舒适客房,客房,1张特大床,城市景观",546.00,538.70
2022-08-29,万豪,青岛西海岸隆和福朋喜来登酒店,"舒适客房,客房,1张特大床,城市景观",608.00,597.60
2022-08-29,万豪,青岛西海岸隆和福朋喜来登酒店,"海景客房,客房,1张特大床,海洋景观",644.00,631.80
2022-08-29,万豪,青岛西海岸隆和福朋喜来登酒店,"海景客房,客房,1张特大床,海洋景观",708.00,692.60
2022-08-29,万豪,青岛西海岸隆和福朋喜来登酒店,"海景开放式套房,1卧室小型套房,张特大床,海洋景观",840.00,818.00
2022-08-29,万豪,青岛西海岸隆和福朋喜来登酒店,"福朋套房,1卧室大型套房,1张特大床,海洋景观",1036.00,994.20
2022-08-29,万豪,青岛西海岸隆和福朋喜来登酒店,"豪华海景套房,2卧室2厅套房,卧室1:1张特大床,卧室2:2张双人床",1820.00,1739.00
2022-08-29,万豪,青岛西海岸隆和福朋喜来登酒店,"总统套房,行政楼层,2卧室总统套房,海洋景观",3592.00,3376.48
2022-08-29,万豪,青岛胶州绿城喜来登酒店,"1张特大床,客房",684.00,669.80
2022-08-29,万豪,青岛胶州绿城喜来登酒店,"1张特大床,城市景观,客房",703.00,687.85
2022-08-29,万豪,青岛胶州绿城喜来登酒店,"客房,1张特大床",717.00,701.15
2022-08-29,万豪,青岛胶州绿城喜来登酒店,"客房,1张特大床,城市景观",757.00,739.15
2022-08-29,万豪,青岛胶州绿城喜来登酒店,"1张特大床,行政酒廊礼遇,客房",880.00,856.00
2022-08-29,万豪,青岛胶州绿城喜来登酒店,"礼宾酒廊礼遇,1卧室套房,1张特大床",968.00,939.60
2022-08-29,万豪,青岛胶州绿城喜来登酒店,"1张特大床,行政酒廊礼遇,单卧室套房",978.00,949.10
2022-08-29,万豪,青岛胶州绿城喜来登酒店,"1张特大床,行政酒廊礼遇,大型单卧室套房",1076.00,1032.20
2022-08-29,万豪,青岛西海岸威斯汀酒店,"2张单人床,客房",567.00,558.65
2022-08-29,万豪,青岛西海岸威斯汀酒店,"客房,2张单人床",617.00,606.15
2022-08-29,万豪,青岛西海岸威斯汀酒店,"1张特大床,行政酒廊礼遇,大型套房",2197.00,2087.15
2022-08-30,万豪,青岛威斯汀酒店,"1张特大床,城市景观,大型客房",1214.00,1163.30
2022-08-30,万豪,青岛威斯汀酒店,"1张特大床,城市景观,单卧室精致套房",1244.00,1191.80
2022-08-30,万豪,青岛威斯汀酒店,"1卧室小型套房,1张特大床,城市景观",1289.00,1234.55
2022-08-30,万豪,青岛威斯汀酒店,"2张双人床,行政酒廊礼遇,客房",1372.00,1313.40
2022-08-30,万豪,青岛威斯汀酒店,"1张特大床,城市景观,行政酒廊礼遇,客房",1421.00,1359.95
2022-08-30,万豪,青岛威斯汀酒店,"1卧室套房,1张特大床,城市景观",1434.00,1372.30
2022-08-30,万豪,青岛威斯汀酒店,"行政酒廊礼遇,1卧室小型套房,1张特大床,城市景观",1490.00,1425.50
2022-08-30,万豪,青岛威斯汀酒店,"行政酒廊礼遇,客房,2张双人床,海洋景观,顶层",1764.00,1685.80
2022-08-30,万豪,青岛威斯汀酒店,"行政酒廊礼遇,1卧室大型套房,1张特大床,海洋景观,高楼层",2796.00,2656.20
2022-08-30,万豪,青岛瑞吉酒店,"云端大床房,客房,1张特大床,城市景观",2285.00,2170.75
2022-08-30,万豪,青岛瑞吉酒店,"云端大床房,客房,1张特大床,城市景观",2412.00,2291.40
2022-08-30,万豪,青岛瑞吉酒店,"豪华海景双床房,客房,2张单人床,海洋景观",2456.00,2333.20
2022-08-30,万豪,青岛瑞吉酒店,"天际海景大床房,客房,1张特大床,海洋景观",2565.00,2436.75
2022-08-30,万豪,青岛瑞吉酒店,"豪华海景双床房,客房,2张单人床,海洋景观",2586.00,2456.70
2022-08-30,万豪,青岛瑞吉酒店,"八大关滨海景观大床房,客房,1张特大床,八大关景观,海洋景观",2623.00,2491.85
2022-08-30,万豪,青岛瑞吉酒店,"天际海景大床房,客房,1张特大床,海洋景观",2645.00,2512.75
2022-08-30,万豪,青岛瑞吉酒店,"奥帆海港景观大床房,客房,1张特大床,天际线景观",2658.00,2525.10
2022-08-30,万豪,青岛瑞吉酒店,"天际海景双床房,客房,2张单人床,海洋景观",2728.00,2591.60
2022-08-30,万豪,青岛瑞吉酒店,"八大关滨海景观大床房,客房,1张特大床,八大关景观,海洋景观",2786.00,2646.70
2022-08-30,万豪,青岛瑞吉酒店,"奥帆海港景观大床房,客房,1张特大床,天际线景观",2821.00,2679.95
2022-08-30,万豪,青岛瑞吉酒店,"瑞吉套房,1卧室套房,1张特大床,八大关景观,城市景观",3964.00,3726.16
2022-08-30,万豪,青岛瑞吉酒店,"瑞吉套房,1卧室套房,1张特大床,八大关景观,城市景观",4127.00,3879.38
2022-08-30,万豪,青岛瑞吉酒店,"约翰雅各布阿斯特海景套房,套房,1张特大床,海洋景观",4780.00,4493.20
2022-08-30,万豪,青岛瑞吉酒店,"约翰雅各布阿斯特海景套房,套房,1张特大床,海洋景观",4943.00,4646.42
2022-08-30,万豪,青岛瑞吉酒店,"卡罗琳阿斯特海景套房,1卧室套房,1张特大床,海洋景观",5130.00,4822.20
2022-08-30,万豪,青岛瑞吉酒店,"卡罗琳阿斯特海景套房,1卧室套房,1张特大床,海洋景观",5293.00,4975.42
2022-08-30,万豪,青岛瑞吉酒店,"大都会海景套房,1卧室套房,1张特大床,海洋景观",13992.00,13152.48
2022-08-30,万豪,青岛瑞吉酒店,"大使海景套房,1卧室套房,1张特大床,海洋景观",14155.00,13305.70
2022-08-30,万豪,青岛瑞吉酒店,"总统套房,1张特大床,海洋景观",78888.00,74154.72
2022-08-30,万豪,青岛富力艾美酒店,"2张单人床,客房",715.00,699.25
2022-08-30,万豪,青岛富力艾美酒店,"客房,2张单人床",784.00,764.80
2022-08-30,万豪,青岛富力艾美酒店,"1张特大床,高楼层,客房",815.00,794.25
2022-08-30,万豪,青岛富力艾美酒店,"客房,1张特大床,高楼层",831.00,809.45
2022-08-30,万豪,青岛富力艾美酒店,"1张特大床,大型客房",873.00,849.35
2022-08-30,万豪,青岛富力艾美酒店,"大型客房,1张特大床",942.00,914.90
2022-08-30,万豪,青岛富力艾美酒店,"2张双人床,行政酒廊礼遇,客房",980.00,951.00
2022-08-30,万豪,青岛富力艾美酒店,"1张特大床,行政酒廊礼遇,客房",1000.00,960.00
2022-08-30,万豪,青岛富力艾美酒店,"1张特大床,行政酒廊礼遇,单卧室精致套房",2675.00,2541.25
2022-08-30,万豪,青岛富力艾美酒店,"行政酒廊礼遇,1卧室小型套房,1张特大床",3030.00,2848.20
2022-08-30,万豪,黄岛泰成喜来登酒店,"1张特大床,客房",605.00,594.75
2022-08-30,万豪,黄岛泰成喜来登酒店,"客房,1张特大床,城市景观,城市景观",654.00,641.30
2022-08-30,万豪,黄岛泰成喜来登酒店,"1张特大床,海景,客房",703.00,687.85
2022-08-30,万豪,黄岛泰成喜来登酒店,"客房,1张特大床,唐岛湾景观,海洋景观",752.00,734.40
2022-08-30,万豪,黄岛泰成喜来登酒店,"1张特大床,行政酒廊礼遇,客房",900.00,875.00
2022-08-30,万豪,黄岛泰成喜来登酒店,"1张特大床,行政酒廊礼遇,单卧室套房",998.00,968.10
2022-08-30,万豪,黄岛泰成喜来登酒店,"1张特大床,海景,行政酒廊礼遇,单卧室套房",1096.00,1051.20
2022-08-30,万豪,青岛城阳宝龙福朋喜来登酒店,"双床房,客房,2张单人床",458.00,455.10
2022-08-30,万豪,青岛城阳宝龙福朋喜来登酒店,"双床房,客房,2张单人床",477.00,473.15
2022-08-30,万豪,青岛城阳宝龙福朋喜来登酒店,"豪华客房,客房,1张特大床",503.00,497.85
2022-08-30,万豪,青岛城阳宝龙福朋喜来登酒店,"豪华客房,客房,1张特大床",549.00,541.55
2022-08-30,万豪,青岛城阳宝龙福朋喜来登酒店,"行政楼层,客房,1张特大床,高楼层",629.00,617.55
2022-08-30,万豪,青岛城阳宝龙福朋喜来登酒店,"1卧室小型套房,1张特大床",686.00,671.70
2022-08-30,万豪,青岛城阳宝龙福朋喜来登酒店,"行政套房,行政酒廊礼遇,1卧室大型套房,1张特大床",743.00,725.85
2022-08-30,万豪,青岛城阳宝龙福朋喜来登酒店,"行政酒廊礼遇,1卧室大型套房,1张特大床,远离电梯",801.00,780.95
2022-08-30,万豪,青岛西海岸隆和艾美度假酒店,"双人床客房,客房,2张双人床,城市景观",644.00,631.80
2022-08-30,万豪,青岛西海岸隆和艾美度假酒店,"双人床客房,客房,2张双人床,城市景观",703.00,687.85
2022-08-30,万豪,青岛西海岸隆和艾美度假酒店,"双人床海景房,客房,2张双人床,海洋景观,阳台",742.00,724.90
2022-08-30,万豪,青岛西海岸隆和艾美度假酒店,"双人床海景房,客房,2张双人床,海洋景观,阳台",802.00,781.90
2022-08-30,万豪,青岛西海岸隆和艾美度假酒店,"特大床海景套房,1卧室套房,1张特大床,海洋景观,阳台",1085.00,1040.75
2022-08-30,万豪,青岛西海岸隆和艾美度假酒店,"探索海景套房,1卧室大型套房,1张特大床,海洋景观,阳台",1281.00,1226.95
2022-08-30,万豪,青岛西海岸隆和福朋喜来登酒店,"舒适客房,客房,1张特大床,城市景观",546.00,538.70
2022-08-30,万豪,青岛西海岸隆和福朋喜来登酒店,"舒适客房,客房,1张特大床,城市景观",608.00,597.60
2022-08-30,万豪,青岛西海岸隆和福朋喜来登酒店,"海景客房,客房,1张特大床,海洋景观",644.00,631.80
2022-08-30,万豪,青岛西海岸隆和福朋喜来登酒店,"海景客房,客房,1张特大床,海洋景观",708.00,692.60
2022-08-30,万豪,青岛西海岸隆和福朋喜来登酒店,"海景开放式套房,1卧室小型套房,张特大床,海洋景观",840.00,818.00
2022-08-30,万豪,青岛西海岸隆和福朋喜来登酒店,"福朋套房,1卧室大型套房,1张特大床,海洋景观",1036.00,994.20
2022-08-30,万豪,青岛西海岸隆和福朋喜来登酒店,"豪华海景套房,2卧室2厅套房,卧室1:1张特大床,卧室2:2张双人床",1820.00,1739.00
2022-08-30,万豪,青岛西海岸隆和福朋喜来登酒店,"总统套房,行政楼层,2卧室总统套房,海洋景观",3592.00,3376.48
2022-08-30,万豪,青岛胶州绿城喜来登酒店,"1张特大床,客房",586.00,576.70
2022-08-30,万豪,青岛胶州绿城喜来登酒店,"2张双人床,高楼层-18层及以上楼层,客房",606.00,595.70
2022-08-30,万豪,青岛胶州绿城喜来登酒店,"客房,1张特大床",617.00,606.15
2022-08-30,万豪,青岛胶州绿城喜来登酒店,"客房,1张特大床,城市景观",658.00,645.10
2022-08-30,万豪,青岛胶州绿城喜来登酒店,"1张特大床,行政酒廊礼遇,客房",783.00,763.85
2022-08-30,万豪,青岛胶州绿城喜来登酒店,"礼宾酒廊礼遇,1卧室套房,1张特大床",869.00,845.55
2022-08-30,万豪,青岛胶州绿城喜来登酒店,"1张特大床,行政酒廊礼遇,单卧室套房",881.00,856.95
2022-08-30,万豪,青岛胶州绿城喜来登酒店,"1张特大床,行政酒廊礼遇,大型单卧室套房",979.00,950.05
2022-08-30,万豪,青岛西海岸威斯汀酒店,"2张单人床,客房",607.00,596.65
2022-08-30,万豪,青岛西海岸威斯汀酒店,"2张单人床,大型客房",647.00,634.65
2022-08-30,万豪,青岛西海岸威斯汀酒店,"客房,2张单人床",656.00,643.20
2022-08-30,万豪,青岛西海岸威斯汀酒店,"大型客房,2张单人床",696.00,681.20
2022-08-30,万豪,青岛西海岸威斯汀酒店,"2张单人床,行政酒廊礼遇,大型客房",901.00,875.95
2022-08-30,万豪,青岛西海岸威斯汀酒店,"行政酒廊礼遇,大型客房,2张单人床",920.00,894.00
2022-08-30,万豪,青岛西海岸威斯汀酒店,"1张特大床,行政酒廊礼遇,大型套房",2236.00,2124.20
2022-08-31,万豪,青岛威斯汀酒店,"客房,2张双人床,城市景观",1219.00,1168.05
2022-08-31,万豪,青岛威斯汀酒店,"1张特大床,城市景观,大型客房",1263.00,1209.85
2022-08-31,万豪,青岛威斯汀酒店,"1张特大床,城市景观,单卧室精致套房",1293.00,1238.35
2022-08-31,万豪,青岛威斯汀酒店,"大型客房,1张特大床,城市景观",1309.00,1253.55
2022-08-31,万豪,青岛威斯汀酒店,"1卧室小型套房,1张特大床,城市景观",1339.00,1282.05
2022-08-31,万豪,青岛威斯汀酒店,"2张双人床,城市景观,行政酒廊礼遇,客房",1421.00,1359.95
2022-08-31,万豪,青岛威斯汀酒店,"行政酒廊礼遇,客房,1张特大床,城市景观",1470.00,1406.50
2022-08-31,万豪,青岛威斯汀酒店,"1卧室套房,1张特大床,城市景观",1483.00,1418.85
2022-08-31,万豪,青岛威斯汀酒店,"行政酒廊礼遇,1卧室小型套房,1张特大床,城市景观",1539.00,1472.05
2022-08-31,万豪,青岛威斯汀酒店,"行政酒廊礼遇,客房,2张双人床,海洋景观,顶层",1813.00,1732.35
2022-08-31,万豪,青岛威斯汀酒店,"行政酒廊礼遇,1卧室大型套房,1张特大床,海洋景观,高楼层",2845.00,2702.75
2022-08-31,万豪,青岛瑞吉酒店,"云端大床房,客房,1张特大床,城市景观",2285.00,2170.75
2022-08-31,万豪,青岛瑞吉酒店,"云端大床房,客房,1张特大床,城市景观",2412.00,2291.40
2022-08-31,万豪,青岛瑞吉酒店,"豪华海景双床房,客房,2张单人床,海洋景观",2456.00,2333.20
2022-08-31,万豪,青岛瑞吉酒店,"天际海景大床房,客房,1张特大床,海洋景观",2565.00,2436.75
2022-08-31,万豪,青岛瑞吉酒店,"豪华海景双床房,客房,2张单人床,海洋景观",2586.00,2456.70
2022-08-31,万豪,青岛瑞吉酒店,"八大关滨海景观大床房,客房,1张特大床,八大关景观,海洋景观",2623.00,2491.85
2022-08-31,万豪,青岛瑞吉酒店,"天际海景大床房,客房,1张特大床,海洋景观",2645.00,2512.75
2022-08-31,万豪,青岛瑞吉酒店,"奥帆海港景观大床房,客房,1张特大床,天际线景观",2658.00,2525.10
2022-08-31,万豪,青岛瑞吉酒店,"天际海景双床房,客房,2张单人床,海洋景观",2728.00,2591.60
2022-08-31,万豪,青岛瑞吉酒店,"八大关滨海景观大床房,客房,1张特大床,八大关景观,海洋景观",2786.00,2646.70
2022-08-31,万豪,青岛瑞吉酒店,"奥帆海港景观大床房,客房,1张特大床,天际线景观",2821.00,2679.95
2022-08-31,万豪,青岛瑞吉酒店,"约翰雅各布阿斯特海景套房,套房,1张特大床,海洋景观",4780.00,4493.20
2022-08-31,万豪,青岛瑞吉酒店,"约翰雅各布阿斯特海景套房,套房,1张特大床,海洋景观",4943.00,4646.42
2022-08-31,万豪,青岛瑞吉酒店,"卡罗琳阿斯特海景套房,1卧室套房,1张特大床,海洋景观",5130.00,4822.20
2022-08-31,万豪,青岛瑞吉酒店,"卡罗琳阿斯特海景套房,1卧室套房,1张特大床,海洋景观",5293.00,4975.42
2022-08-31,万豪,青岛瑞吉酒店,"大都会海景套房,1卧室套房,1张特大床,海洋景观",13992.00,13152.48
2022-08-31,万豪,青岛瑞吉酒店,"大使海景套房,1卧室套房,1张特大床,海洋景观",14155.00,13305.70
2022-08-31,万豪,青岛瑞吉酒店,"总统套房,1张特大床,海洋景观",78888.00,74154.72
2022-08-31,万豪,青岛富力艾美酒店,"2张单人床,客房",715.00,699.25
2022-08-31,万豪,青岛富力艾美酒店,"客房,2张单人床",784.00,764.80
2022-08-31,万豪,青岛富力艾美酒店,"1张特大床,高楼层,客房",815.00,794.25
2022-08-31,万豪,青岛富力艾美酒店,"客房,1张特大床,高楼层",831.00,809.45
2022-08-31,万豪,青岛富力艾美酒店,"1张特大床,大型客房",873.00,849.35
2022-08-31,万豪,青岛富力艾美酒店,"大型客房,1张特大床",942.00,914.90
2022-08-31,万豪,青岛富力艾美酒店,"2张双人床,行政酒廊礼遇,客房",980.00,951.00
2022-08-31,万豪,青岛富力艾美酒店,"1张特大床,行政酒廊礼遇,客房",1000.00,960.00
2022-08-31,万豪,青岛富力艾美酒店,"1张特大床,行政酒廊礼遇,单卧室精致套房",2675.00,2541.25
2022-08-31,万豪,青岛富力艾美酒店,"行政酒廊礼遇,1卧室小型套房,1张特大床",3030.00,2848.20
2022-08-31,万豪,青岛富力艾美酒店,"1张特大床,行政酒廊礼遇,大型单卧室套房",3361.00,3159.34
2022-08-31,万豪,青岛李沧绿城喜来登酒店,"1张特大床,城市景观,行政酒廊礼遇,客房",857.00,834.15
2022-08-31,万豪,青岛李沧绿城喜来登酒店,"行政酒廊礼遇,客房,1张特大床,城市景观,高楼层",874.00,850.30
2022-08-31,万豪,青岛李沧绿城喜来登酒店,"1张特大床,湖景,行政酒廊礼遇,套房",933.00,906.35
2022-08-31,万豪,青岛李沧绿城喜来登酒店,"行政酒廊礼遇,套房,1张特大床,湖泊景观",952.00,924.40
2022-08-31,万豪,青岛李沧绿城喜来登酒店,"1张特大床,湖景,行政酒廊礼遇,大型套房",1790.00,1710.50
2022-08-31,万豪,黄岛泰成喜来登酒店,"1张特大床,客房",644.00,631.80
2022-08-31,万豪,黄岛泰成喜来登酒店,"客房,1张特大床,城市景观,城市景观",693.00,678.35
2022-08-31,万豪,黄岛泰成喜来登酒店,"1张特大床,海景,客房",742.00,724.90
2022-08-31,万豪,黄岛泰成喜来登酒店,"客房,1张特大床,唐岛湾景观,海洋景观",791.00,771.45
2022-08-31,万豪,黄岛泰成喜来登酒店,"1张特大床,行政酒廊礼遇,客房",938.00,911.10
2022-08-31,万豪,黄岛泰成喜来登酒店,"1张特大床,行政酒廊礼遇,单卧室套房",1036.00,994.20
2022-08-31,万豪,黄岛泰成喜来登酒店,"1张特大床,海景,行政酒廊礼遇,单卧室套房",1134.00,1087.30
2022-08-31,万豪,青岛城阳宝龙福朋喜来登酒店,"双床房,客房,2张单人床",458.00,455.10
2022-08-31,万豪,青岛城阳宝龙福朋喜来登酒店,"双床房,客房,2张单人床",477.00,473.15
2022-08-31,万豪,青岛城阳宝龙福朋喜来登酒店,"豪华客房,客房,1张特大床",503.00,497.85
2022-08-31,万豪,青岛城阳宝龙福朋喜来登酒店,"豪华客房,客房,1张特大床",549.00,541.55
2022-08-31,万豪,青岛城阳宝龙福朋喜来登酒店,"行政楼层,客房,1张特大床,高楼层",629.00,617.55
2022-08-31,万豪,青岛城阳宝龙福朋喜来登酒店,"1卧室小型套房,1张特大床",686.00,671.70
2022-08-31,万豪,青岛城阳宝龙福朋喜来登酒店,"行政套房,行政酒廊礼遇,1卧室大型套房,1张特大床",743.00,725.85
2022-08-31,万豪,青岛城阳宝龙福朋喜来登酒店,"行政酒廊礼遇,1卧室大型套房,1张特大床,远离电梯",801.00,780.95
2022-08-31,万豪,青岛西海岸隆和艾美度假酒店,"双人床客房,客房,2张双人床,城市景观",693.00,678.35
2022-08-31,万豪,青岛西海岸隆和艾美度假酒店,"双人床客房,客房,2张双人床,城市景观",752.00,734.40
2022-08-31,万豪,青岛西海岸隆和艾美度假酒店,"双人床海景房,客房,2张双人床,海洋景观,阳台",909.00,883.55
2022-08-31,万豪,青岛西海岸隆和艾美度假酒店,"双人床海景房,客房,2张双人床,海洋景观,阳台",967.00,938.65
2022-08-31,万豪,青岛西海岸隆和艾美度假酒店,"特大床海景套房,1卧室套房,1张特大床,海洋景观,阳台",1183.00,1133.85
2022-08-31,万豪,青岛西海岸隆和艾美度假酒店,"探索海景套房,1卧室大型套房,1张特大床,海洋景观,阳台",1379.00,1320.05
2022-08-31,万豪,青岛西海岸隆和福朋喜来登酒店,"舒适客房,客房,1张特大床,城市景观",742.00,724.90
2022-08-31,万豪,青岛西海岸隆和福朋喜来登酒店,"舒适客房,客房,1张特大床,城市景观",808.00,787.60
2022-08-31,万豪,青岛西海岸隆和福朋喜来登酒店,"海景客房,客房,1张特大床,海洋景观",840.00,818.00
2022-08-31,万豪,青岛西海岸隆和福朋喜来登酒店,"海景客房,客房,1张特大床,海洋景观",908.00,882.60
2022-08-31,万豪,青岛西海岸隆和福朋喜来登酒店,"海景开放式套房,1卧室小型套房,张特大床,海洋景观",1036.00,994.20
2022-08-31,万豪,青岛西海岸隆和福朋喜来登酒店,"福朋套房,1卧室大型套房,1张特大床,海洋景观",1232.00,1180.40
2022-08-31,万豪,青岛西海岸隆和福朋喜来登酒店,"豪华海景套房,2卧室2厅套房,卧室1:1张特大床,卧室2:2张双人床",2016.00,1915.20
2022-08-31,万豪,青岛西海岸隆和福朋喜来登酒店,"总统套房,行政楼层,2卧室总统套房,海洋景观",3592.00,3376.48
2022-08-31,万豪,青岛胶州绿城喜来登酒店,"1张特大床,客房",586.00,576.70
2022-08-31,万豪,青岛胶州绿城喜来登酒店,"1张特大床,城市景观,客房",606.00,595.70
2022-08-31,万豪,青岛胶州绿城喜来登酒店,"客房,1张特大床",617.00,606.15
2022-08-31,万豪,青岛胶州绿城喜来登酒店,"客房,1张特大床,城市景观",658.00,645.10
2022-08-31,万豪,青岛胶州绿城喜来登酒店,"1张特大床,行政酒廊礼遇,客房",783.00,763.85
2022-08-31,万豪,青岛胶州绿城喜来登酒店,"礼宾酒廊礼遇,1卧室套房,1张特大床",869.00,845.55
2022-08-31,万豪,青岛胶州绿城喜来登酒店,"1张特大床,行政酒廊礼遇,单卧室套房",881.00,856.95
2022-08-31,万豪,青岛胶州绿城喜来登酒店,"1张特大床,行政酒廊礼遇,大型单卧室套房",979.00,950.05
2022-08-31,万豪,青岛西海岸威斯汀酒店,"1张特大床,行政酒廊礼遇,大型套房",2364.00,2245.80
2022-09-01,万豪,青岛威斯汀酒店,"客房,2张双人床,城市景观",1169.00,1120.55
2022-09-01,万豪,青岛威斯汀酒店,"1张特大床,城市景观,大型客房",1185.00,1135.75
2022-09-01,万豪,青岛威斯汀酒店,"1张特大床,城市景观,单卧室精致套房",1214.00,1163.30
2022-09-01,万豪,青岛威斯汀酒店,"大型客房,1张特大床,城市景观",1229.00,1177.55
2022-09-01,万豪,青岛威斯汀酒店,"1卧室小型套房,1张特大床,城市景观",1259.00,1206.05
2022-09-01,万豪,青岛威斯汀酒店,"2张双人床,城市景观,行政酒廊礼遇,客房",1372.00,1313.40
2022-09-01,万豪,青岛威斯汀酒店,"行政酒廊礼遇,客房,1张特大床,城市景观",1391.00,1331.45
2022-09-01,万豪,青岛威斯汀酒店,"1卧室套房,1张特大床,城市景观",1405.00,1344.75
2022-09-01,万豪,青岛威斯汀酒店,"行政酒廊礼遇,1卧室小型套房,1张特大床,城市景观",1459.00,1396.05
2022-09-01,万豪,青岛威斯汀酒店,"行政酒廊礼遇,客房,2张双人床,海洋景观,顶层",1829.00,1747.55
2022-09-01,万豪,青岛威斯汀酒店,"行政酒廊礼遇,1卧室大型套房,1张特大床,城市景观",2373.00,2254.35
2022-09-01,万豪,青岛威斯汀酒店,"行政酒廊礼遇,1卧室大型套房,1张特大床,海洋景观,高楼层",2831.00,2689.45
2022-09-01,万豪,青岛威斯汀酒店,"行政酒廊礼遇,1卧室住宅式套房,1张特大床,城市景观,高楼层",4088.00,3842.72
2022-09-01,万豪,青岛瑞吉酒店,"豪华海景双床房,客房,2张单人床,海洋景观",2456.00,2333.20
2022-09-01,万豪,青岛瑞吉酒店,"天际海景大床房,客房,1张特大床,海洋景观",2565.00,2436.75
2022-09-01,万豪,青岛瑞吉酒店,"豪华海景双床房,客房,2张单人床,海洋景观",2586.00,2456.70
2022-09-01,万豪,青岛瑞吉酒店,"八大关滨海景观大床房,客房,1张特大床,八大关景观,海洋景观",2623.00,2491.85
2022-09-01,万豪,青岛瑞吉酒店,"天际海景大床房,客房,1张特大床,海洋景观",2645.00,2512.75
2022-09-01,万豪,青岛瑞吉酒店,"奥帆海港景观大床房,客房,1张特大床,天际线景观",2658.00,2525.10
2022-09-01,万豪,青岛瑞吉酒店,"天际海景双床房,客房,2张单人床,海洋景观",2728.00,2591.60
2022-09-01,万豪,青岛瑞吉酒店,"八大关滨海景观大床房,客房,1张特大床,八大关景观,海洋景观",2786.00,2646.70
2022-09-01,万豪,青岛瑞吉酒店,"奥帆海港景观大床房,客房,1张特大床,天际线景观",2821.00,2679.95
2022-09-01,万豪,青岛瑞吉酒店,"瑞吉套房,1卧室套房,1张特大床,八大关景观,城市景观",3964.00,3726.16
2022-09-01,万豪,青岛瑞吉酒店,"瑞吉套房,1卧室套房,1张特大床,八大关景观,城市景观",4127.00,3879.38
2022-09-01,万豪,青岛瑞吉酒店,"约翰雅各布阿斯特海景套房,套房,1张特大床,海洋景观",4780.00,4493.20
2022-09-01,万豪,青岛瑞吉酒店,"约翰雅各布阿斯特海景套房,套房,1张特大床,海洋景观",4943.00,4646.42
2022-09-01,万豪,青岛瑞吉酒店,"卡罗琳阿斯特海景套房,1卧室套房,1张特大床,海洋景观",5130.00,4822.20
2022-09-01,万豪,青岛瑞吉酒店,"卡罗琳阿斯特海景套房,1卧室套房,1张特大床,海洋景观",5293.00,4975.42
2022-09-01,万豪,青岛瑞吉酒店,"大都会海景套房,1卧室套房,1张特大床,海洋景观",13992.00,13152.48
2022-09-01,万豪,青岛瑞吉酒店,"大使海景套房,1卧室套房,1张特大床,海洋景观",14155.00,13305.70
2022-09-01,万豪,青岛瑞吉酒店,"总统套房,1张特大床,海洋景观",78888.00,74154.72
2022-09-01,万豪,青岛富力艾美酒店,"1张特大床,大型客房",893.00,868.35
2022-09-01,万豪,青岛富力艾美酒店,"大型客房,1张特大床",961.00,932.95
2022-09-01,万豪,青岛富力艾美酒店,"2张双人床,行政酒廊礼遇,客房",1000.00,960.00
2022-09-01,万豪,青岛富力艾美酒店,"1张特大床,行政酒廊礼遇,客房",1020.00,979.00
2022-09-01,万豪,青岛富力艾美酒店,"1张特大床,行政酒廊礼遇,单卧室精致套房",2694.00,2559.30
2022-09-01,万豪,青岛富力艾美酒店,"行政酒廊礼遇,1卧室小型套房,1张特大床",3049.00,2866.06
2022-09-01,万豪,青岛李沧绿城喜来登酒店,"1张特大床,城市景观,客房",762.00,743.90
2022-09-01,万豪,青岛李沧绿城喜来登酒店,"1张特大床,山峦景观,客房",764.00,745.80
2022-09-01,万豪,青岛李沧绿城喜来登酒店,"1张特大床,湖景,客房",781.00,761.95
2022-09-01,万豪,青岛李沧绿城喜来登酒店,"客房,1张特大床,山峦景观,高楼层",813.00,792.35
2022-09-01,万豪,青岛李沧绿城喜来登酒店,"客房,1张特大床,湖泊景观,高楼层",830.00,808.50
2022-09-01,万豪,青岛李沧绿城喜来登酒店,"1张特大床,城市景观,行政酒廊礼遇,客房",860.00,837.00
2022-09-01,万豪,青岛李沧绿城喜来登酒店,"行政酒廊礼遇,客房,1张特大床,城市景观,高楼层",877.00,853.15
2022-09-01,万豪,青岛李沧绿城喜来登酒店,"1张特大床,湖景,行政酒廊礼遇,套房",937.00,910.15
2022-09-01,万豪,青岛李沧绿城喜来登酒店,"行政酒廊礼遇,套房,1张特大床,湖泊景观",956.00,928.20
2022-09-01,万豪,黄岛泰成喜来登酒店,"1张特大床,客房",644.00,631.80
2022-09-01,万豪,黄岛泰成喜来登酒店,"客房,1张特大床,城市景观,城市景观",693.00,678.35
2022-09-01,万豪,黄岛泰成喜来登酒店,"1张特大床,海景,客房",742.00,724.90
2022-09-01,万豪,黄岛泰成喜来登酒店,"客房,1张特大床,唐岛湾景观,海洋景观",791.00,771.45
2022-09-01,万豪,黄岛泰成喜来登酒店,"1张特大床,行政酒廊礼遇,客房",938.00,911.10
2022-09-01,万豪,黄岛泰成喜来登酒店,"1张特大床,行政酒廊礼遇,单卧室套房",1036.00,994.20
2022-09-01,万豪,黄岛泰成喜来登酒店,"1张特大床,海景,行政酒廊礼遇,单卧室套房",1134.00,1087.30
2022-09-01,万豪,青岛城阳宝龙福朋喜来登酒店,"双床房,客房,2张单人床",532.00,525.40
2022-09-01,万豪,青岛城阳宝龙福朋喜来登酒店,"双床房,客房,2张单人床",553.00,545.35
2022-09-01,万豪,青岛城阳宝龙福朋喜来登酒店,"高级大床房,客房,1张特大床",555.00,547.25
2022-09-01,万豪,青岛城阳宝龙福朋喜来登酒店,"高级大床房,客房,1张特大床",576.00,567.20
2022-09-01,万豪,青岛城阳宝龙福朋喜来登酒店,"豪华客房,客房,1张特大床",578.00,569.10
2022-09-01,万豪,青岛城阳宝龙福朋喜来登酒店,"豪华客房,客房,1张特大床",623.00,611.85
2022-09-01,万豪,青岛城阳宝龙福朋喜来登酒店,"行政楼层,客房,1张特大床,高楼层",703.00,687.85
2022-09-01,万豪,青岛城阳宝龙福朋喜来登酒店,"1卧室小型套房,1张特大床",761.00,742.95
2022-09-01,万豪,青岛城阳宝龙福朋喜来登酒店,"行政套房,行政酒廊礼遇,1卧室大型套房,1张特大床",818.00,797.10
2022-09-01,万豪,青岛城阳宝龙福朋喜来登酒店,"行政酒廊礼遇,1卧室大型套房,1张特大床,远离电梯",875.00,851.25
2022-09-01,万豪,青岛城阳宝龙福朋喜来登酒店,"总统套房,行政楼层,2卧室总统套房,高楼层",5770.00,5423.80
2022-09-01,万豪,青岛西海岸隆和艾美度假酒店,"双人床客房,客房,2张双人床,城市景观",889.00,864.55
2022-09-01,万豪,青岛西海岸隆和艾美度假酒店,"特大床海景房,客房,1张特大床,海洋景观,阳台",938.00,911.10
2022-09-01,万豪,青岛西海岸隆和艾美度假酒店,"特大床海景房,客房,1张特大床,海洋景观,阳台",987.00,957.65
2022-09-01,万豪,青岛西海岸隆和艾美度假酒店,"特大床海景套房,1卧室套房,1张特大床,海洋景观,阳台",1134.00,1087.30
2022-09-01,万豪,青岛西海岸隆和艾美度假酒店,"探索海景套房,1卧室大型套房,1张特大床,海洋景观,阳台",1330.00,1273.50
2022-09-01,万豪,青岛西海岸隆和福朋喜来登酒店,"舒适客房,客房,1张特大床,城市景观",742.00,724.90
2022-09-01,万豪,青岛西海岸隆和福朋喜来登酒店,"舒适客房,客房,1张特大床,城市景观",808.00,787.60
2022-09-01,万豪,青岛西海岸隆和福朋喜来登酒店,"海景客房,客房,1张特大床,海洋景观",840.00,818.00
2022-09-01,万豪,青岛西海岸隆和福朋喜来登酒店,"海景客房,客房,1张特大床,海洋景观",908.00,882.60
2022-09-01,万豪,青岛西海岸隆和福朋喜来登酒店,"海景开放式套房,1卧室小型套房,张特大床,海洋景观",1183.00,1133.85
2022-09-01,万豪,青岛西海岸隆和福朋喜来登酒店,"福朋套房,1卧室大型套房,1张特大床,海洋景观",1330.00,1273.50
2022-09-01,万豪,青岛西海岸隆和福朋喜来登酒店,"豪华海景套房,2卧室2厅套房,卧室1:1张特大床,卧室2:2张双人床",2016.00,1915.20
2022-09-01,万豪,青岛西海岸隆和福朋喜来登酒店,"总统套房,行政楼层,2卧室总统套房,海洋景观",3592.00,3376.48
2022-09-01,万豪,青岛胶州绿城喜来登酒店,"1张特大床,客房",517.00,511.15
2022-09-01,万豪,青岛胶州绿城喜来登酒店,"1张特大床,城市景观,客房",537.00,530.15
2022-09-01,万豪,青岛胶州绿城喜来登酒店,"客房,1张特大床",546.00,538.70
2022-09-01,万豪,青岛胶州绿城喜来登酒店,"客房,1张特大床,城市景观",587.00,577.65
2022-09-01,万豪,青岛胶州绿城喜来登酒店,"1张特大床,行政酒廊礼遇,客房",713.00,697.35
2022-09-01,万豪,青岛胶州绿城喜来登酒店,"礼宾酒廊礼遇,1卧室套房,1张特大床",798.00,778.10
2022-09-01,万豪,青岛胶州绿城喜来登酒店,"1张特大床,行政酒廊礼遇,单卧室套房",811.00,790.45
2022-09-01,万豪,青岛胶州绿城喜来登酒店,"1张特大床,行政酒廊礼遇,大型单卧室套房",909.00,883.55
2022-09-01,万豪,青岛西海岸威斯汀酒店,"1张特大床,客房",979.00,950.05
2022-09-01,万豪,青岛西海岸威斯汀酒店,"2张单人床,大型客房",1028.00,986.60
2022-09-01,万豪,青岛西海岸威斯汀酒店,"大型客房,2张单人床",1077.00,1033.15
2022-09-01,万豪,青岛西海岸威斯汀酒店,"2张单人床,行政酒廊礼遇,大型客房",1282.00,1227.90
2022-09-01,万豪,青岛西海岸威斯汀酒店,"1张特大床,行政酒廊礼遇,大型客房",1302.00,1246.90
2022-09-01,万豪,青岛西海岸威斯汀酒店,"行政酒廊礼遇,大型客房,2张单人床",1309.00,1253.55
2022-09-01,万豪,青岛西海岸威斯汀酒店,"行政酒廊礼遇,大型客房,1张特大床",1329.00,1272.55
2022-09-01,万豪,青岛西海岸威斯汀酒店,"1张特大床,行政酒廊礼遇,套房",1530.00,1463.50
2022-09-01,万豪,青岛西海岸威斯汀酒店,"行政酒廊礼遇,1卧室套房,张特大床",1562.00,1493.90
2022-09-01,万豪,青岛西海岸威斯汀酒店,"1张特大床,行政酒廊礼遇,大型套房",2787.00,2647.65
2022-09-02,万豪,青岛威斯汀酒店,"1张特大床,城市景观,大型客房",1319.00,1263.05
2022-09-02,万豪,青岛威斯汀酒店,"1张特大床,城市景观,单卧室精致套房",1377.00,1318.15
2022-09-02,万豪,青岛威斯汀酒店,"大型客房,1张特大床,城市景观",1408.00,1347.60
2022-09-02,万豪,青岛威斯汀酒店,"1卧室小型套房,1张特大床,城市景观",1465.00,1401.75
2022-09-02,万豪,青岛威斯汀酒店,"2张双人床,城市景观,行政酒廊礼遇,客房",1472.00,1408.40
2022-09-02,万豪,青岛威斯汀酒店,"行政酒廊礼遇,客房,1张特大床,城市景观",1520.00,1454.00
2022-09-02,万豪,青岛威斯汀酒店,"1卧室套房,1张特大床,城市景观",1561.00,1492.95
2022-09-02,万豪,青岛威斯汀酒店,"行政酒廊礼遇,1卧室小型套房,1张特大床,城市景观",1614.00,1543.30
2022-09-02,万豪,青岛威斯汀酒店,"行政酒廊礼遇,客房,2张双人床,海洋景观,顶层",1915.00,1829.25
2022-09-02,万豪,青岛威斯汀酒店,"行政酒廊礼遇,1卧室大型套房,1张特大床,城市景观",2501.00,2375.95
2022-09-02,万豪,青岛瑞吉酒店,"豪华海景双床房,客房,2张单人床,海洋景观",2456.00,2333.20
2022-09-02,万豪,青岛瑞吉酒店,"天际海景大床房,客房,1张特大床,海洋景观",2565.00,2436.75
2022-09-02,万豪,青岛瑞吉酒店,"豪华海景双床房,客房,2张单人床,海洋景观",2586.00,2456.70
2022-09-02,万豪,青岛瑞吉酒店,"八大关滨海景观大床房,客房,1张特大床,八大关景观,海洋景观",2623.00,2491.85
2022-09-02,万豪,青岛瑞吉酒店,"天际海景大床房,客房,1张特大床,海洋景观",2645.00,2512.75
2022-09-02,万豪,青岛瑞吉酒店,"奥帆海港景观大床房,客房,1张特大床,天际线景观",2658.00,2525.10
2022-09-02,万豪,青岛瑞吉酒店,"天际海景双床房,客房,2张单人床,海洋景观",2728.00,2591.60
2022-09-02,万豪,青岛瑞吉酒店,"八大关滨海景观大床房,客房,1张特大床,八大关景观,海洋景观",2786.00,2646.70
2022-09-02,万豪,青岛瑞吉酒店,"奥帆海港景观大床房,客房,1张特大床,天际线景观",2821.00,2679.95
2022-09-02,万豪,青岛瑞吉酒店,"约翰雅各布阿斯特海景套房,套房,1张特大床,海洋景观",4780.00,4493.20
2022-09-02,万豪,青岛瑞吉酒店,"约翰雅各布阿斯特海景套房,套房,1张特大床,海洋景观",4943.00,4646.42
2022-09-02,万豪,青岛瑞吉酒店,"卡罗琳阿斯特海景套房,1卧室套房,1张特大床,海洋景观",5130.00,4822.20
2022-09-02,万豪,青岛瑞吉酒店,"卡罗琳阿斯特海景套房,1卧室套房,1张特大床,海洋景观",5293.00,4975.42
2022-09-02,万豪,青岛瑞吉酒店,"大都会海景套房,1卧室套房,1张特大床,海洋景观",13992.00,13152.48
2022-09-02,万豪,青岛瑞吉酒店,"大使海景套房,1卧室套房,1张特大床,海洋景观",14155.00,13305.70
2022-09-02,万豪,青岛瑞吉酒店,"总统套房,1张特大床,海洋景观",78888.00,74154.72
2022-09-02,万豪,青岛富力艾美酒店,"1张特大床,高楼层,客房",808.00,787.60
2022-09-02,万豪,青岛富力艾美酒店,"客房,1张特大床,高楼层",850.00,827.50
2022-09-02,万豪,青岛富力艾美酒店,"1张特大床,大型客房",866.00,842.70
2022-09-02,万豪,青岛富力艾美酒店,"大型客房,1张特大床",932.00,905.40
2022-09-02,万豪,青岛富力艾美酒店,"2张双人床,行政酒廊礼遇,客房",970.00,941.50
2022-09-02,万豪,青岛富力艾美酒店,"1张特大床,行政酒廊礼遇,客房",988.00,958.60
2022-09-02,万豪,青岛富力艾美酒店,"1张特大床,行政酒廊礼遇,单卧室精致套房",2611.00,2480.45
2022-09-02,万豪,青岛富力艾美酒店,"行政酒廊礼遇,1卧室小型套房,1张特大床",3049.00,2866.06
2022-09-02,万豪,青岛李沧绿城喜来登酒店,"2张单人床,湖景,客房",701.00,685.95
2022-09-02,万豪,青岛李沧绿城喜来登酒店,"1张特大床,城市景观,客房",739.00,722.05
2022-09-02,万豪,青岛李沧绿城喜来登酒店,"1张特大床,山峦景观,客房",741.00,723.95
2022-09-02,万豪,青岛李沧绿城喜来登酒店,"客房,2张单人床,湖泊景观,高楼层",749.00,731.55
2022-09-02,万豪,青岛李沧绿城喜来登酒店,"1张特大床,湖景,客房",757.00,739.15
2022-09-02,万豪,青岛李沧绿城喜来登酒店,"客房,1张特大床,城市景观",777.00,758.15
2022-09-02,万豪,青岛李沧绿城喜来登酒店,"客房,1张特大床,山峦景观,高楼层",788.00,768.60
2022-09-02,万豪,青岛李沧绿城喜来登酒店,"客房,1张特大床,湖泊景观,高楼层",805.00,784.75
2022-09-02,万豪,青岛李沧绿城喜来登酒店,"1张特大床,城市景观,行政酒廊礼遇,客房",833.00,811.35
2022-09-02,万豪,青岛李沧绿城喜来登酒店,"行政酒廊礼遇,客房,1张特大床,城市景观,高楼层",877.00,853.15
2022-09-02,万豪,青岛李沧绿城喜来登酒店,"1张特大床,湖景,行政酒廊礼遇,套房",908.00,882.60
2022-09-02,万豪,青岛李沧绿城喜来登酒店,"行政酒廊礼遇,套房,1张特大床,湖泊景观",956.00,928.20
2022-09-02,万豪,黄岛泰成喜来登酒店,"1张特大床,客房",624.00,612.80
2022-09-02,万豪,黄岛泰成喜来登酒店,"客房,1张特大床,城市景观,城市景观",672.00,658.40
2022-09-02,万豪,黄岛泰成喜来登酒店,"1张特大床,海景,客房",720.00,704.00
2022-09-02,万豪,黄岛泰成喜来登酒店,"客房,1张特大床,唐岛湾景观,海洋景观",767.00,748.65
2022-09-02,万豪,黄岛泰成喜来登酒店,"1张特大床,行政酒廊礼遇,客房",910.00,884.50
2022-09-02,万豪,黄岛泰成喜来登酒店,"1张特大床,行政酒廊礼遇,单卧室套房",1005.00,964.75
2022-09-02,万豪,黄岛泰成喜来登酒店,"1张特大床,海景,行政酒廊礼遇,单卧室套房",1099.00,1054.05
2022-09-02,万豪,青岛城阳宝龙福朋喜来登酒店,"双床房,客房,2张单人床",516.00,510.20
2022-09-02,万豪,青岛城阳宝龙福朋喜来登酒店,"高级大床房,客房,1张特大床",538.00,531.10
2022-09-02,万豪,青岛城阳宝龙福朋喜来登酒店,"双床房,客房,2张单人床",553.00,545.35
2022-09-02,万豪,青岛城阳宝龙福朋喜来登酒店,"豪华客房,客房,1张特大床",560.00,552.00
2022-09-02,万豪,青岛城阳宝龙福朋喜来登酒店,"高级大床房,客房,1张特大床",576.00,567.20
2022-09-02,万豪,青岛城阳宝龙福朋喜来登酒店,"豪华客房,客房,1张特大床",605.00,594.75
2022-09-02,万豪,青岛城阳宝龙福朋喜来登酒店,"行政楼层,客房,1张特大床,高楼层",682.00,667.90
2022-09-02,万豪,青岛城阳宝龙福朋喜来登酒店,"1卧室小型套房,1张特大床",737.00,720.15
2022-09-02,万豪,青岛城阳宝龙福朋喜来登酒店,"行政套房,行政酒廊礼遇,1卧室大型套房,1张特大床",793.00,773.35
2022-09-02,万豪,青岛城阳宝龙福朋喜来登酒店,"行政酒廊礼遇,1卧室大型套房,1张特大床,远离电梯",848.00,825.60
2022-09-02,万豪,青岛城阳宝龙福朋喜来登酒店,"总统套房,行政楼层,2卧室总统套房,高楼层",5593.00,5257.42
2022-09-02,万豪,青岛西海岸隆和艾美度假酒店,"双人床客房,客房,2张双人床,城市景观",862.00,838.90
2022-09-02,万豪,青岛西海岸隆和艾美度假酒店,"双人床海景房,客房,2张双人床,海洋景观,阳台",910.00,884.50
2022-09-02,万豪,青岛西海岸隆和艾美度假酒店,"双人床海景房,客房,2张双人床,海洋景观,阳台",957.00,929.15
2022-09-02,万豪,青岛西海岸隆和艾美度假酒店,"特大床海景套房,1卧室套房,1张特大床,海洋景观,阳台",1100.00,1055.00
2022-09-02,万豪,青岛西海岸隆和艾美度假酒店,"探索海景套房,1卧室大型套房,1张特大床,海洋景观,阳台",1290.00,1235.50
2022-09-02,万豪,青岛西海岸隆和福朋喜来登酒店,"舒适客房,客房,1张特大床,城市景观",720.00,704.00
2022-09-02,万豪,青岛西海岸隆和福朋喜来登酒店,"舒适客房,客房,1张特大床,城市景观",808.00,787.60
2022-09-02,万豪,青岛西海岸隆和福朋喜来登酒店,"海景客房,客房,1张特大床,海洋景观",815.00,794.25
2022-09-02,万豪,青岛西海岸隆和福朋喜来登酒店,"海景客房,客房,1张特大床,海洋景观",908.00,882.60
2022-09-02,万豪,青岛西海岸隆和福朋喜来登酒店,"海景开放式套房,1卧室小型套房,张特大床,海洋景观",1147.00,1099.65
2022-09-02,万豪,青岛西海岸隆和福朋喜来登酒店,"福朋套房,1卧室大型套房,1张特大床,海洋景观",1290.00,1235.50
2022-09-02,万豪,青岛西海岸隆和福朋喜来登酒店,"豪华海景套房,2卧室2厅套房,卧室1:1张特大床,卧室2:2张双人床",1955.00,1867.25
2022-09-02,万豪,青岛西海岸隆和福朋喜来登酒店,"总统套房,行政楼层,2卧室总统套房,海洋景观",3482.00,3273.08
2022-09-02,万豪,青岛胶州绿城喜来登酒店,"1张特大床,客房",501.00,495.95
2022-09-02,万豪,青岛胶州绿城喜来登酒店,"1张特大床,城市景观,客房",520.00,514.00
2022-09-02,万豪,青岛胶州绿城喜来登酒店,"客房,1张特大床",546.00,538.70
2022-09-02,万豪,青岛胶州绿城喜来登酒店,"客房,1张特大床,城市景观",577.00,568.15
2022-09-02,万豪,青岛胶州绿城喜来登酒店,"1张特大床,行政酒廊礼遇,客房",691.00,676.45
2022-09-02,万豪,青岛胶州绿城喜来登酒店,"1张特大床,行政酒廊礼遇,单卧室套房",787.00,767.65
2022-09-02,万豪,青岛胶州绿城喜来登酒店,"礼宾酒廊礼遇,1卧室套房,1张特大床",798.00,778.10
2022-09-02,万豪,青岛胶州绿城喜来登酒店,"1张特大床,行政酒廊礼遇,大型单卧室套房",881.00,856.95
2022-09-02,万豪,青岛西海岸威斯汀酒店,"2张单人床,客房",613.00,602.35
2022-09-02,万豪,青岛西海岸威斯汀酒店,"1张特大床,客房",631.00,619.45
2022-09-02,万豪,青岛西海岸威斯汀酒店,"客房,2张单人床",661.00,647.95
2022-09-02,万豪,青岛西海岸威斯汀酒店,"2张单人床,大型客房",679.00,665.05
2022-09-02,万豪,青岛西海岸威斯汀酒店,"1张特大床,大型客房",698.00,683.10
2022-09-02,万豪,青岛西海岸威斯汀酒店,"大型客房,2张单人床",727.00,710.65
2022-09-02,万豪,青岛西海岸威斯汀酒店,"大型客房,1张特大床",746.00,728.70
2022-09-02,万豪,青岛西海岸威斯汀酒店,"1张特大床,行政酒廊礼遇,大型客房",945.00,917.75
2022-09-02,万豪,青岛西海岸威斯汀酒店,"行政酒廊礼遇,大型客房,1张特大床",995.00,965.25
2022-09-02,万豪,青岛西海岸威斯汀酒店,"1张特大床,行政酒廊礼遇,大型套房",2385.00,2265.75
2022-09-03,万豪,青岛威斯汀酒店,"1张特大床,城市景观,大型客房",1273.00,1219.35
2022-09-03,万豪,青岛威斯汀酒店,"1张特大床,城市景观,单卧室精致套房",1301.00,1245.95
2022-09-03,万豪,青岛威斯汀酒店,"客房,1张特大床,城市景观",1319.00,1263.05
2022-09-03,万豪,青岛威斯汀酒店,"大型客房,1张特大床,城市景观",1359.00,1301.05
2022-09-03,万豪,青岛威斯汀酒店,"1卧室小型套房,1张特大床,城市景观",1389.00,1329.55
2022-09-03,万豪,青岛威斯汀酒店,"1张特大床,城市景观,行政酒廊礼遇,客房",1472.00,1408.40
2022-09-03,万豪,青岛威斯汀酒店,"1卧室套房,1张特大床,城市景观",1485.00,1420.75
2022-09-03,万豪,青岛威斯汀酒店,"行政酒廊礼遇,1卧室小型套房,1张特大床,城市景观",1539.00,1472.05
2022-09-03,万豪,青岛威斯汀酒店,"行政酒廊礼遇,客房,2张双人床,海洋景观,顶层",1915.00,1829.25
2022-09-03,万豪,青岛瑞吉酒店,"豪华海景双床房,客房,2张单人床,海洋景观",1999.00,1909.05
2022-09-03,万豪,青岛瑞吉酒店,"天际海景大床房,客房,1张特大床,海洋景观",2098.00,1993.10
2022-09-03,万豪,青岛瑞吉酒店,"豪华海景双床房,客房,2张单人床,海洋景观",2120.00,2014.00
2022-09-03,万豪,青岛瑞吉酒店,"八大关滨海景观大床房,客房,1张特大床,八大关景观,海洋景观",2157.00,2049.15
2022-09-03,万豪,青岛瑞吉酒店,"天际海景大床房,客房,1张特大床,海洋景观",2178.00,2069.10
2022-09-03,万豪,青岛瑞吉酒店,"奥帆海港景观大床房,客房,1张特大床,天际线景观",2192.00,2082.40
2022-09-03,万豪,青岛瑞吉酒店,"天际海景双床房,客房,2张单人床,海洋景观",2262.00,2148.90
2022-09-03,万豪,青岛瑞吉酒店,"八大关滨海景观大床房,客房,1张特大床,八大关景观,海洋景观",2320.00,2204.00
2022-09-03,万豪,青岛瑞吉酒店,"奥帆海港景观大床房,客房,1张特大床,天际线景观",2355.00,2237.25
2022-09-03,万豪,青岛瑞吉酒店,"大都会海景套房,1卧室套房,1张特大床,海洋景观",13525.00,12713.50
2022-09-03,万豪,青岛瑞吉酒店,"大使海景套房,1卧室套房,1张特大床,海洋景观",13688.00,12866.72
2022-09-03,万豪,青岛富力艾美酒店,"2张单人床,客房",713.00,697.35
2022-09-03,万豪,青岛富力艾美酒店,"客房,2张单人床",780.00,761.00
2022-09-03,万豪,青岛富力艾美酒店,"1张特大床,高楼层,客房",808.00,787.60
2022-09-03,万豪,青岛富力艾美酒店,"客房,1张特大床,高楼层",850.00,827.50
2022-09-03,万豪,青岛富力艾美酒店,"1张特大床,大型客房",866.00,842.70
2022-09-03,万豪,青岛富力艾美酒店,"大型客房,1张特大床",932.00,905.40
2022-09-03,万豪,青岛富力艾美酒店,"2张双人床,行政酒廊礼遇,客房",970.00,941.50
2022-09-03,万豪,青岛富力艾美酒店,"1张特大床,行政酒廊礼遇,客房",988.00,958.60
2022-09-03,万豪,青岛富力艾美酒店,"1张特大床,行政酒廊礼遇,单卧室精致套房",2611.00,2480.45
2022-09-03,万豪,青岛富力艾美酒店,"行政酒廊礼遇,1卧室小型套房,1张特大床",3049.00,2866.06
2022-09-03,万豪,青岛李沧绿城喜来登酒店,"1张特大床,城市景观,客房",717.00,701.15
2022-09-03,万豪,青岛李沧绿城喜来登酒店,"1张特大床,山峦景观,客房",719.00,703.05
2022-09-03,万豪,青岛李沧绿城喜来登酒店,"1张特大床,湖景,客房",735.00,718.25
2022-09-03,万豪,青岛李沧绿城喜来登酒店,"客房,1张特大床,城市景观",754.00,736.30
2022-09-03,万豪,青岛李沧绿城喜来登酒店,"客房,1张特大床,山峦景观,高楼层",766.00,747.70
2022-09-03,万豪,青岛李沧绿城喜来登酒店,"客房,1张特大床,湖泊景观,高楼层",783.00,763.85
2022-09-03,万豪,青岛李沧绿城喜来登酒店,"1张特大床,城市景观,行政酒廊礼遇,客房",811.00,790.45
2022-09-03,万豪,青岛李沧绿城喜来登酒店,"行政酒廊礼遇,客房,1张特大床,城市景观,高楼层",854.00,831.30
2022-09-03,万豪,青岛李沧绿城喜来登酒店,"1张特大床,湖景,行政酒廊礼遇,套房",886.00,861.70
2022-09-03,万豪,青岛李沧绿城喜来登酒店,"行政酒廊礼遇,套房,1张特大床,湖泊景观",932.00,905.40
2022-09-03,万豪,黄岛泰成喜来登酒店,"1张特大床,客房",624.00,612.80
2022-09-03,万豪,黄岛泰成喜来登酒店,"客房,1张特大床,城市景观,城市景观",672.00,658.40
2022-09-03,万豪,黄岛泰成喜来登酒店,"1张特大床,海景,客房",720.00,704.00
2022-09-03,万豪,黄岛泰成喜来登酒店,"客房,1张特大床,唐岛湾景观,海洋景观",767.00,748.65
2022-09-03,万豪,黄岛泰成喜来登酒店,"1张特大床,行政酒廊礼遇,客房",910.00,884.50
2022-09-03,万豪,黄岛泰成喜来登酒店,"1张特大床,行政酒廊礼遇,单卧室套房",1005.00,964.75
2022-09-03,万豪,黄岛泰成喜来登酒店,"1张特大床,海景,行政酒廊礼遇,单卧室套房",1099.00,1054.05
2022-09-03,万豪,青岛城阳宝龙福朋喜来登酒店,"双床房,客房,2张单人床",562.00,553.90
2022-09-03,万豪,青岛城阳宝龙福朋喜来登酒店,"高级大床房,客房,1张特大床",584.00,574.80
2022-09-03,万豪,青岛城阳宝龙福朋喜来登酒店,"双床房,客房,2张单人床",602.00,591.90
2022-09-03,万豪,青岛城阳宝龙福朋喜来登酒店,"豪华客房,客房,1张特大床",607.00,596.65
2022-09-03,万豪,青岛城阳宝龙福朋喜来登酒店,"高级大床房,客房,1张特大床",625.00,613.75
2022-09-03,万豪,青岛城阳宝龙福朋喜来登酒店,"豪华客房,客房,1张特大床",651.00,638.45
2022-09-03,万豪,青岛城阳宝龙福朋喜来登酒店,"行政楼层,客房,1张特大床,高楼层",728.00,711.60
2022-09-03,万豪,青岛城阳宝龙福朋喜来登酒店,"1卧室小型套房,1张特大床",784.00,764.80
2022-09-03,万豪,青岛城阳宝龙福朋喜来登酒店,"行政套房,行政酒廊礼遇,1卧室大型套房,1张特大床",839.00,817.05
2022-09-03,万豪,青岛城阳宝龙福朋喜来登酒店,"行政酒廊礼遇,1卧室大型套房,1张特大床,远离电梯",895.00,870.25
2022-09-03,万豪,青岛城阳宝龙福朋喜来登酒店,"总统套房,行政楼层,2卧室总统套房,高楼层",5593.00,5257.42
2022-09-03,万豪,青岛西海岸隆和艾美度假酒店,"双人床客房,客房,2张双人床,城市景观",672.00,658.40
2022-09-03,万豪,青岛西海岸隆和艾美度假酒店,"双人床海景房,客房,2张双人床,海洋景观,阳台",720.00,704.00
2022-09-03,万豪,青岛西海岸隆和艾美度假酒店,"双人床海景房,客房,2张双人床,海洋景观,阳台",767.00,748.65
2022-09-03,万豪,青岛西海岸隆和艾美度假酒店,"特大床海景套房,1卧室套房,1张特大床,海洋景观,阳台",910.00,884.50
2022-09-03,万豪,青岛西海岸隆和艾美度假酒店,"探索海景套房,1卧室大型套房,1张特大床,海洋景观,阳台",1100.00,1055.00
2022-09-03,万豪,青岛西海岸隆和福朋喜来登酒店,"舒适客房,客房,1张特大床,城市景观",720.00,704.00
2022-09-03,万豪,青岛西海岸隆和福朋喜来登酒店,"舒适客房,客房,1张特大床,城市景观",808.00,787.60
2022-09-03,万豪,青岛西海岸隆和福朋喜来登酒店,"海景客房,客房,1张特大床,海洋景观",815.00,794.25
2022-09-03,万豪,青岛西海岸隆和福朋喜来登酒店,"海景客房,客房,1张特大床,海洋景观",908.00,882.60
2022-09-03,万豪,青岛西海岸隆和福朋喜来登酒店,"海景开放式套房,1卧室小型套房,张特大床,海洋景观",1147.00,1099.65
2022-09-03,万豪,青岛西海岸隆和福朋喜来登酒店,"福朋套房,1卧室大型套房,1张特大床,海洋景观",1290.00,1235.50
2022-09-03,万豪,青岛西海岸隆和福朋喜来登酒店,"豪华海景套房,2卧室2厅套房,卧室1:1张特大床,卧室2:2张双人床",1955.00,1867.25
2022-09-03,万豪,青岛西海岸隆和福朋喜来登酒店,"总统套房,行政楼层,2卧室总统套房,海洋景观",3482.00,3273.08
2022-09-03,万豪,青岛胶州绿城喜来登酒店,"1张特大床,客房",501.00,495.95
2022-09-03,万豪,青岛胶州绿城喜来登酒店,"1张特大床,城市景观,客房",520.00,514.00
2022-09-03,万豪,青岛胶州绿城喜来登酒店,"客房,1张特大床",546.00,538.70
2022-09-03,万豪,青岛胶州绿城喜来登酒店,"客房,1张特大床,城市景观",577.00,568.15
2022-09-03,万豪,青岛胶州绿城喜来登酒店,"1张特大床,行政酒廊礼遇,客房",691.00,676.45
2022-09-03,万豪,青岛胶州绿城喜来登酒店,"1张特大床,行政酒廊礼遇,单卧室套房",787.00,767.65
2022-09-03,万豪,青岛胶州绿城喜来登酒店,"礼宾酒廊礼遇,1卧室套房,1张特大床",798.00,778.10
2022-09-03,万豪,青岛胶州绿城喜来登酒店,"1张特大床,行政酒廊礼遇,大型单卧室套房",881.00,856.95
2022-09-03,万豪,青岛西海岸威斯汀酒店,"2张单人床,客房",712.00,696.40
2022-09-03,万豪,青岛西海岸威斯汀酒店,"客房,2张单人床",750.00,732.50
2022-09-03,万豪,青岛西海岸威斯汀酒店,"1张特大床,客房",760.00,742.00
2022-09-03,万豪,青岛西海岸威斯汀酒店,"2张单人床,大型客房",778.00,759.10
2022-09-03,万豪,青岛西海岸威斯汀酒店,"客房,1张特大床",797.00,777.15
2022-09-03,万豪,青岛西海岸威斯汀酒店,"1张特大床,大型客房",826.00,804.70
2022-09-03,万豪,青岛西海岸威斯汀酒店,"大型客房,1张特大床",864.00,840.80
2022-09-03,万豪,青岛西海岸威斯汀酒店,"1张特大床,行政酒廊礼遇,大型客房",1073.00,1029.35
2022-09-03,万豪,青岛西海岸威斯汀酒店,"行政酒廊礼遇,大型客房,1张特大床",1129.00,1082.55
2022-09-03,万豪,青岛西海岸威斯汀酒店,"1张特大床,行政酒廊礼遇,套房",1295.00,1240.25
2022-09-03,万豪,青岛西海岸威斯汀酒店,"行政酒廊礼遇,1卧室套房,张特大床",1363.00,1304.85
2022-09-03,万豪,青岛西海岸威斯汀酒店,"1张特大床,行政酒廊礼遇,大型套房",2513.00,2387.35
2022-09-04,万豪,青岛威斯汀酒店,"行政酒廊礼遇,客房,2张双人床,城市景观",930.00,903.50
2022-09-04,万豪,青岛威斯汀酒店,"行政酒廊礼遇,客房,1张特大床,城市景观",950.00,922.50
2022-09-04,万豪,青岛威斯汀酒店,"客房,2张双人床,城市景观",969.00,940.55
2022-09-04,万豪,青岛威斯汀酒店,"1张特大床,城市景观,大型客房",989.00,959.55
2022-09-04,万豪,青岛威斯汀酒店,"1张特大床,城市景观,单卧室精致套房",1019.00,978.05
2022-09-04,万豪,青岛威斯汀酒店,"大型客房,1张特大床,城市景观",1029.00,987.55
2022-09-04,万豪,青岛威斯汀酒店,"1卧室小型套房,1张特大床,城市景观",1059.00,1016.05
2022-09-04,万豪,青岛威斯汀酒店,"1卧室套房,1张特大床,城市景观",1169.00,1120.55
2022-09-04,万豪,青岛威斯汀酒店,"行政酒廊礼遇,客房,2张双人床,海洋景观,顶层",1387.00,1327.65
2022-09-04,万豪,青岛威斯汀酒店,"行政酒廊礼遇,1卧室大型套房,1张特大床,城市景观",1933.00,1846.35
2022-09-04,万豪,青岛威斯汀酒店,"行政酒廊礼遇,1卧室大型套房,1张特大床,海洋景观,高楼层",2390.00,2270.50
2022-09-04,万豪,青岛瑞吉酒店,"豪华海景双床房,客房,2张单人床,海洋景观",1771.00,1692.45
2022-09-04,万豪,青岛瑞吉酒店,"天际海景大床房,客房,1张特大床,海洋景观",1865.00,1781.75
2022-09-04,万豪,青岛瑞吉酒店,"豪华海景双床房,客房,2张单人床,海洋景观",1887.00,1802.65
2022-09-04,万豪,青岛瑞吉酒店,"八大关滨海景观大床房,客房,1张特大床,八大关景观,海洋景观",1923.00,1836.85
2022-09-04,万豪,青岛瑞吉酒店,"天际海景大床房,客房,1张特大床,海洋景观",1945.00,1857.75
2022-09-04,万豪,青岛瑞吉酒店,"奥帆海港景观大床房,客房,1张特大床,天际线景观",1958.00,1870.10
2022-09-04,万豪,青岛瑞吉酒店,"天际海景双床房,客房,2张单人床,海洋景观",2028.00,1926.60
2022-09-04,万豪,青岛瑞吉酒店,"八大关滨海景观大床房,客房,1张特大床,八大关景观,海洋景观",2087.00,1982.65
2022-09-04,万豪,青岛瑞吉酒店,"奥帆海港景观大床房,客房,1张特大床,天际线景观",2122.00,2015.90
2022-09-04,万豪,青岛瑞吉酒店,"瑞吉套房,1卧室套房,1张特大床,八大关景观,城市景观",3264.00,3068.16
2022-09-04,万豪,青岛瑞吉酒店,"瑞吉套房,1卧室套房,1张特大床,八大关景观,城市景观",3428.00,3222.32
2022-09-04,万豪,青岛瑞吉酒店,"约翰雅各布阿斯特海景套房,套房,1张特大床,海洋景观",4081.00,3836.14
2022-09-04,万豪,青岛瑞吉酒店,"约翰雅各布阿斯特海景套房,套房,1张特大床,海洋景观",4244.00,3989.36
2022-09-04,万豪,青岛瑞吉酒店,"卡罗琳阿斯特海景套房,1卧室套房,1张特大床,海洋景观",4430.00,4164.20
2022-09-04,万豪,青岛瑞吉酒店,"卡罗琳阿斯特海景套房,1卧室套房,1张特大床,海洋景观",4594.00,4318.36
2022-09-04,万豪,青岛瑞吉酒店,"大都会海景套房,1卧室套房,1张特大床,海洋景观",13292.00,12494.48
2022-09-04,万豪,青岛瑞吉酒店,"大使海景套房,1卧室套房,1张特大床,海洋景观",13455.00,12647.70
2022-09-04,万豪,青岛富力艾美酒店,"2张单人床,客房",735.00,718.25
2022-09-04,万豪,青岛富力艾美酒店,"1张特大床,客房",755.00,737.25
2022-09-04,万豪,青岛富力艾美酒店,"客房,2张单人床",804.00,783.80
2022-09-04,万豪,青岛富力艾美酒店,"2张双人床,高楼层,客房",813.00,792.35
2022-09-04,万豪,青岛富力艾美酒店,"客房,1张特大床",824.00,802.80
2022-09-04,万豪,青岛富力艾美酒店,"1张特大床,高楼层,客房",833.00,811.35
2022-09-04,万豪,青岛富力艾美酒店,"客房,1张特大床,高楼层",850.00,827.50
2022-09-04,万豪,青岛富力艾美酒店,"客房,2张双人床,高楼层",882.00,857.90
2022-09-04,万豪,青岛富力艾美酒店,"1张特大床,大型客房",893.00,868.35
2022-09-04,万豪,青岛富力艾美酒店,"大型客房,1张特大床",961.00,932.95
2022-09-04,万豪,青岛富力艾美酒店,"2张双人床,行政酒廊礼遇,客房",1000.00,960.00
2022-09-04,万豪,青岛富力艾美酒店,"1张特大床,行政酒廊礼遇,单卧室精致套房",2694.00,2559.30
2022-09-04,万豪,青岛富力艾美酒店,"行政酒廊礼遇,1卧室小型套房,1张特大床",3049.00,2866.06
2022-09-04,万豪,青岛富力艾美酒店,"1张特大床,行政酒廊礼遇,大型单卧室套房",3381.00,3178.14
2022-09-04,万豪,青岛李沧绿城喜来登酒店,"2张单人床,城市景观,客房",684.00,669.80
2022-09-04,万豪,青岛李沧绿城喜来登酒店,"2张单人床,山峦景观,客房",686.00,671.70
2022-09-04,万豪,青岛李沧绿城喜来登酒店,"客房,2张单人床,城市景观",698.00,683.10
2022-09-04,万豪,青岛李沧绿城喜来登酒店,"2张单人床,湖景,客房",704.00,688.80
2022-09-04,万豪,青岛李沧绿城喜来登酒店,"客房,2张单人床,山峦景观,高楼层",735.00,718.25
2022-09-04,万豪,青岛李沧绿城喜来登酒店,"1张特大床,城市景观,客房",741.00,723.95
2022-09-04,万豪,青岛李沧绿城喜来登酒店,"1张特大床,山峦景观,客房",743.00,725.85
2022-09-04,万豪,青岛李沧绿城喜来登酒店,"客房,2张单人床,湖泊景观,高楼层",753.00,735.35
2022-09-04,万豪,青岛李沧绿城喜来登酒店,"客房,1张特大床,城市景观",756.00,738.20
2022-09-04,万豪,青岛李沧绿城喜来登酒店,"1张特大床,湖景,客房",761.00,742.95
2022-09-04,万豪,青岛李沧绿城喜来登酒店,"客房,1张特大床,山峦景观,高楼层",792.00,772.40
2022-09-04,万豪,青岛李沧绿城喜来登酒店,"行政酒廊礼遇,客房,2张单人床,城市景观,高楼层",798.00,778.10
2022-09-04,万豪,青岛李沧绿城喜来登酒店,"客房,1张特大床,湖泊景观,高楼层",810.00,789.50
2022-09-04,万豪,青岛李沧绿城喜来登酒店,"行政酒廊礼遇,客房,1张特大床,城市景观,高楼层",856.00,833.20
2022-09-04,万豪,青岛李沧绿城喜来登酒店,"1张特大床,湖景,行政酒廊礼遇,套房",916.00,890.20
2022-09-04,万豪,青岛李沧绿城喜来登酒店,"行政酒廊礼遇,套房,1张特大床,湖泊景观",935.00,908.25
2022-09-04,万豪,青岛李沧绿城喜来登酒店,"1张特大床,湖景,行政酒廊礼遇,大型套房",1773.00,1694.35
2022-09-04,万豪,黄岛泰成喜来登酒店,"1张特大床,客房",644.00,631.80
2022-09-04,万豪,黄岛泰成喜来登酒店,"客房,1张特大床,城市景观,城市景观",693.00,678.35
2022-09-04,万豪,黄岛泰成喜来登酒店,"1张特大床,海景,客房",742.00,724.90
2022-09-04,万豪,黄岛泰成喜来登酒店,"客房,1张特大床,唐岛湾景观,海洋景观",791.00,771.45
2022-09-04,万豪,黄岛泰成喜来登酒店,"1张特大床,行政酒廊礼遇,客房",938.00,911.10
2022-09-04,万豪,黄岛泰成喜来登酒店,"1张特大床,行政酒廊礼遇,单卧室套房",1036.00,994.20
2022-09-04,万豪,黄岛泰成喜来登酒店,"1张特大床,海景,行政酒廊礼遇,单卧室套房",1134.00,1087.30
2022-09-04,万豪,青岛城阳宝龙福朋喜来登酒店,"双床房,客房,2张单人床",671.00,657.45
2022-09-04,万豪,青岛城阳宝龙福朋喜来登酒店,"高级大床房,客房,1张特大床",694.00,679.30
2022-09-04,万豪,青岛城阳宝龙福朋喜来登酒店,"双床房,客房,2张单人床",695.00,680.25
2022-09-04,万豪,青岛城阳宝龙福朋喜来登酒店,"豪华客房,客房,1张特大床",717.00,701.15
2022-09-04,万豪,青岛城阳宝龙福朋喜来登酒店,"高级大床房,客房,1张特大床",718.00,702.10
2022-09-04,万豪,青岛城阳宝龙福朋喜来登酒店,"豪华客房,客房,1张特大床",763.00,744.85
2022-09-04,万豪,青岛城阳宝龙福朋喜来登酒店,"行政楼层,客房,1张特大床,高楼层",843.00,820.85
2022-09-04,万豪,青岛城阳宝龙福朋喜来登酒店,"1卧室小型套房,1张特大床",900.00,875.00
2022-09-04,万豪,青岛城阳宝龙福朋喜来登酒店,"行政套房,行政酒廊礼遇,1卧室大型套房,1张特大床",957.00,929.15
2022-09-04,万豪,青岛城阳宝龙福朋喜来登酒店,"行政酒廊礼遇,1卧室大型套房,1张特大床,远离电梯",1014.00,973.30
2022-09-04,万豪,青岛西海岸隆和艾美度假酒店,"双人床客房,客房,2张双人床,城市景观",889.00,864.55
2022-09-04,万豪,青岛西海岸隆和艾美度假酒店,"双人床海景房,客房,2张双人床,海洋景观,阳台",938.00,911.10
2022-09-04,万豪,青岛西海岸隆和艾美度假酒店,"双人床海景房,客房,2张双人床,海洋景观,阳台",987.00,957.65
2022-09-04,万豪,青岛西海岸隆和艾美度假酒店,"特大床海景套房,1卧室套房,1张特大床,海洋景观,阳台",1134.00,1087.30
2022-09-04,万豪,青岛西海岸隆和艾美度假酒店,"探索海景套房,1卧室大型套房,1张特大床,海洋景观,阳台",1330.00,1273.50
2022-09-04,万豪,青岛西海岸隆和福朋喜来登酒店,"舒适客房,客房,1张特大床,城市景观",742.00,724.90
2022-09-04,万豪,青岛西海岸隆和福朋喜来登酒店,"舒适客房,客房,1张特大床,城市景观",808.00,787.60
2022-09-04,万豪,青岛西海岸隆和福朋喜来登酒店,"海景客房,客房,1张特大床,海洋景观",840.00,818.00
2022-09-04,万豪,青岛西海岸隆和福朋喜来登酒店,"海景客房,客房,1张特大床,海洋景观",908.00,882.60
2022-09-04,万豪,青岛西海岸隆和福朋喜来登酒店,"海景开放式套房,1卧室小型套房,张特大床,海洋景观",1183.00,1133.85
2022-09-04,万豪,青岛西海岸隆和福朋喜来登酒店,"福朋套房,1卧室大型套房,1张特大床,海洋景观",1330.00,1273.50
2022-09-04,万豪,青岛西海岸隆和福朋喜来登酒店,"豪华海景套房,2卧室2厅套房,卧室1:1张特大床,卧室2:2张双人床",2016.00,1915.20
2022-09-04,万豪,青岛西海岸隆和福朋喜来登酒店,"总统套房,行政楼层,2卧室总统套房,海洋景观",3592.00,3376.48
2022-09-04,万豪,青岛胶州绿城喜来登酒店,"1张特大床,客房",517.00,511.15
2022-09-04,万豪,青岛胶州绿城喜来登酒店,"1张特大床,城市景观,客房",537.00,530.15
2022-09-04,万豪,青岛胶州绿城喜来登酒店,"客房,1张特大床",546.00,538.70
2022-09-04,万豪,青岛胶州绿城喜来登酒店,"客房,1张特大床,城市景观",587.00,577.65
2022-09-04,万豪,青岛胶州绿城喜来登酒店,"1张特大床,行政酒廊礼遇,客房",713.00,697.35
2022-09-04,万豪,青岛胶州绿城喜来登酒店,"礼宾酒廊礼遇,1卧室套房,1张特大床",798.00,778.10
2022-09-04,万豪,青岛胶州绿城喜来登酒店,"1张特大床,行政酒廊礼遇,单卧室套房",811.00,790.45
2022-09-04,万豪,青岛胶州绿城喜来登酒店,"1张特大床,行政酒廊礼遇,大型单卧室套房",909.00,883.55
2022-09-04,万豪,青岛西海岸威斯汀酒店,"2张单人床,客房",734.00,717.30
2022-09-04,万豪,青岛西海岸威斯汀酒店,"客房,2张单人床",774.00,755.30
2022-09-04,万豪,青岛西海岸威斯汀酒店,"1张特大床,客房",783.00,763.85
2022-09-04,万豪,青岛西海岸威斯汀酒店,"2张单人床,大型客房",803.00,782.85
2022-09-04,万豪,青岛西海岸威斯汀酒店,"客房,1张特大床",823.00,801.85
2022-09-04,万豪,青岛西海岸威斯汀酒店,"大型客房,2张单人床",843.00,820.85
2022-09-04,万豪,青岛西海岸威斯汀酒店,"1张特大床,大型客房",852.00,829.40
2022-09-04,万豪,青岛西海岸威斯汀酒店,"大型客房,1张特大床",891.00,866.45
2022-09-04,万豪,青岛西海岸威斯汀酒店,"1张特大床,行政酒廊礼遇,大型客房",1107.00,1061.65
2022-09-04,万豪,青岛西海岸威斯汀酒店,"行政酒廊礼遇,大型客房,1张特大床",1129.00,1082.55
2022-09-04,万豪,青岛西海岸威斯汀酒店,"1张特大床,行政酒廊礼遇,套房",1336.00,1279.20
2022-09-04,万豪,青岛西海岸威斯汀酒店,"行政酒廊礼遇,1卧室套房,张特大床",1363.00,1304.85
2022-09-04,万豪,青岛西海岸威斯汀酒店,"1张特大床,行政酒廊礼遇,大型套房",2593.00,2463.35
2022-09-05,万豪,青岛威斯汀酒店,"2张双人床,城市景观,客房",1274.00,1220.30
2022-09-05,万豪,青岛威斯汀酒店,"客房,2张双人床,城市景观",1319.00,1263.05
2022-09-05,万豪,青岛威斯汀酒店,"1张特大床,城市景观,大型客房",1332.00,1275.40
2022-09-05,万豪,青岛威斯汀酒店,"1张特大床,城市景观,单卧室精致套房",1361.00,1302.95
2022-09-05,万豪,青岛威斯汀酒店,"大型客房,1张特大床,城市景观",1379.00,1320.05
2022-09-05,万豪,青岛威斯汀酒店,"1卧室小型套房,1张特大床,城市景观",1409.00,1348.55
2022-09-05,万豪,青岛威斯汀酒店,"1卧室套房,1张特大床,城市景观",1512.00,1446.40
2022-09-05,万豪,青岛威斯汀酒店,"2张双人床,城市景观,行政酒廊礼遇,客房",1536.00,1469.20
2022-09-05,万豪,青岛威斯汀酒店,"行政酒廊礼遇,客房,1张特大床,城市景观",1556.00,1488.20
2022-09-05,万豪,青岛威斯汀酒店,"行政酒廊礼遇,1卧室小型套房,1张特大床,城市景观",1625.00,1553.75
2022-09-05,万豪,青岛威斯汀酒店,"行政酒廊礼遇,1卧室大型套房,1张特大床,城市景观",2539.00,2412.05
2022-09-05,万豪,青岛威斯汀酒店,"行政酒廊礼遇,1卧室大型套房,1张特大床,海洋景观,高楼层",2996.00,2846.20
2022-09-05,万豪,青岛瑞吉酒店,"豪华海景双床房,客房,2张单人床,海洋景观",1771.00,1692.45
2022-09-05,万豪,青岛瑞吉酒店,"天际海景大床房,客房,1张特大床,海洋景观",1865.00,1781.75
2022-09-05,万豪,青岛瑞吉酒店,"豪华海景双床房,客房,2张单人床,海洋景观",1887.00,1802.65
2022-09-05,万豪,青岛瑞吉酒店,"八大关滨海景观大床房,客房,1张特大床,八大关景观,海洋景观",1923.00,1836.85
2022-09-05,万豪,青岛瑞吉酒店,"天际海景大床房,客房,1张特大床,海洋景观",1945.00,1857.75
2022-09-05,万豪,青岛瑞吉酒店,"奥帆海港景观大床房,客房,1张特大床,天际线景观",1958.00,1870.10
2022-09-05,万豪,青岛瑞吉酒店,"天际海景双床房,客房,2张单人床,海洋景观",2028.00,1926.60
2022-09-05,万豪,青岛瑞吉酒店,"八大关滨海景观大床房,客房,1张特大床,八大关景观,海洋景观",2087.00,1982.65
2022-09-05,万豪,青岛瑞吉酒店,"奥帆海港景观大床房,客房,1张特大床,天际线景观",2122.00,2015.90
2022-09-05,万豪,青岛瑞吉酒店,"瑞吉套房,1卧室套房,1张特大床,八大关景观,城市景观",3264.00,3068.16
2022-09-05,万豪,青岛瑞吉酒店,"瑞吉套房,1卧室套房,1张特大床,八大关景观,城市景观",3428.00,3222.32
2022-09-05,万豪,青岛瑞吉酒店,"约翰雅各布阿斯特海景套房,套房,1张特大床,海洋景观",4081.00,3836.14
2022-09-05,万豪,青岛瑞吉酒店,"约翰雅各布阿斯特海景套房,套房,1张特大床,海洋景观",4244.00,3989.36
2022-09-05,万豪,青岛瑞吉酒店,"卡罗琳阿斯特海景套房,1卧室套房,1张特大床,海洋景观",4430.00,4164.20
2022-09-05,万豪,青岛瑞吉酒店,"卡罗琳阿斯特海景套房,1卧室套房,1张特大床,海洋景观",4594.00,4318.36
2022-09-05,万豪,青岛瑞吉酒店,"大都会海景套房,1卧室套房,1张特大床,海洋景观",13292.00,12494.48
2022-09-05,万豪,青岛瑞吉酒店,"大使海景套房,1卧室套房,1张特大床,海洋景观",13455.00,12647.70
2022-09-05,万豪,青岛瑞吉酒店,"总统套房,1张特大床,海洋景观",78888.00,74154.72
2022-09-05,万豪,青岛富力艾美酒店,"2张单人床,客房",735.00,718.25
2022-09-05,万豪,青岛富力艾美酒店,"1张特大床,客房",755.00,737.25
2022-09-05,万豪,青岛富力艾美酒店,"客房,2张单人床",804.00,783.80
2022-09-05,万豪,青岛富力艾美酒店,"2张双人床,高楼层,客房",813.00,792.35
2022-09-05,万豪,青岛富力艾美酒店,"客房,1张特大床",824.00,802.80
2022-09-05,万豪,青岛富力艾美酒店,"1张特大床,高楼层,客房",833.00,811.35
2022-09-05,万豪,青岛富力艾美酒店,"客房,1张特大床,高楼层",850.00,827.50
2022-09-05,万豪,青岛富力艾美酒店,"客房,2张双人床,高楼层",882.00,857.90
2022-09-05,万豪,青岛富力艾美酒店,"1张特大床,大型客房",893.00,868.35
2022-09-05,万豪,青岛富力艾美酒店,"大型客房,1张特大床",961.00,932.95
2022-09-05,万豪,青岛富力艾美酒店,"2张双人床,行政酒廊礼遇,客房",1000.00,960.00
2022-09-05,万豪,青岛富力艾美酒店,"1张特大床,行政酒廊礼遇,单卧室精致套房",2694.00,2559.30
2022-09-05,万豪,青岛富力艾美酒店,"行政酒廊礼遇,1卧室小型套房,1张特大床",3049.00,2866.06
2022-09-05,万豪,青岛富力艾美酒店,"1张特大床,行政酒廊礼遇,大型单卧室套房",3381.00,3178.14
2022-09-05,万豪,青岛李沧绿城喜来登酒店,"2张单人床,城市景观,客房",684.00,669.80
2022-09-05,万豪,青岛李沧绿城喜来登酒店,"2张单人床,山峦景观,客房",686.00,671.70
2022-09-05,万豪,青岛李沧绿城喜来登酒店,"客房,2张单人床,城市景观",698.00,683.10
2022-09-05,万豪,青岛李沧绿城喜来登酒店,"2张单人床,湖景,客房",704.00,688.80
2022-09-05,万豪,青岛李沧绿城喜来登酒店,"客房,2张单人床,山峦景观,高楼层",735.00,718.25
2022-09-05,万豪,青岛李沧绿城喜来登酒店,"1张特大床,城市景观,客房",741.00,723.95
2022-09-05,万豪,青岛李沧绿城喜来登酒店,"1张特大床,山峦景观,客房",743.00,725.85
2022-09-05,万豪,青岛李沧绿城喜来登酒店,"客房,2张单人床,湖泊景观,高楼层",753.00,735.35
2022-09-05,万豪,青岛李沧绿城喜来登酒店,"客房,1张特大床,城市景观",756.00,738.20
2022-09-05,万豪,青岛李沧绿城喜来登酒店,"1张特大床,湖景,客房",761.00,742.95
2022-09-05,万豪,青岛李沧绿城喜来登酒店,"客房,1张特大床,山峦景观,高楼层",792.00,772.40
2022-09-05,万豪,青岛李沧绿城喜来登酒店,"行政酒廊礼遇,客房,2张单人床,城市景观,高楼层",798.00,778.10
2022-09-05,万豪,青岛李沧绿城喜来登酒店,"客房,1张特大床,湖泊景观,高楼层",810.00,789.50
2022-09-05,万豪,青岛李沧绿城喜来登酒店,"行政酒廊礼遇,客房,1张特大床,城市景观,高楼层",856.00,833.20
2022-09-05,万豪,青岛李沧绿城喜来登酒店,"1张特大床,湖景,行政酒廊礼遇,套房",916.00,890.20
2022-09-05,万豪,青岛李沧绿城喜来登酒店,"行政酒廊礼遇,套房,1张特大床,湖泊景观",935.00,908.25
2022-09-05,万豪,青岛李沧绿城喜来登酒店,"1张特大床,湖景,行政酒廊礼遇,大型套房",1773.00,1694.35
2022-09-05,万豪,黄岛泰成喜来登酒店,"1张特大床,客房",703.00,687.85
2022-09-05,万豪,黄岛泰成喜来登酒店,"客房,1张特大床,城市景观,城市景观",752.00,734.40
2022-09-05,万豪,黄岛泰成喜来登酒店,"1张特大床,海景,客房",802.00,781.90
2022-09-05,万豪,黄岛泰成喜来登酒店,"客房,1张特大床,唐岛湾景观,海洋景观",851.00,828.45
2022-09-05,万豪,黄岛泰成喜来登酒店,"1张特大床,行政酒廊礼遇,客房",998.00,968.10
2022-09-05,万豪,黄岛泰成喜来登酒店,"1张特大床,行政酒廊礼遇,单卧室套房",1096.00,1051.20
2022-09-05,万豪,黄岛泰成喜来登酒店,"1张特大床,海景,行政酒廊礼遇,单卧室套房",1193.00,1143.35
2022-09-05,万豪,青岛城阳宝龙福朋喜来登酒店,"双床房,客房,2张单人床",694.00,679.30
2022-09-05,万豪,青岛城阳宝龙福朋喜来登酒店,"高级大床房,客房,1张特大床",717.00,701.15
2022-09-05,万豪,青岛城阳宝龙福朋喜来登酒店,"双床房,客房,2张单人床",718.00,702.10
2022-09-05,万豪,青岛城阳宝龙福朋喜来登酒店,"豪华客房,客房,1张特大床",740.00,723.00
2022-09-05,万豪,青岛城阳宝龙福朋喜来登酒店,"高级大床房,客房,1张特大床",742.00,724.90
2022-09-05,万豪,青岛城阳宝龙福朋喜来登酒店,"豪华客房,客房,1张特大床",785.00,765.75
2022-09-05,万豪,青岛城阳宝龙福朋喜来登酒店,"行政楼层,客房,1张特大床,高楼层",866.00,842.70
2022-09-05,万豪,青岛城阳宝龙福朋喜来登酒店,"1卧室小型套房,1张特大床",923.00,896.85
2022-09-05,万豪,青岛城阳宝龙福朋喜来登酒店,"行政套房,行政酒廊礼遇,1卧室大型套房,1张特大床",980.00,951.00
2022-09-05,万豪,青岛城阳宝龙福朋喜来登酒店,"行政酒廊礼遇,1卧室大型套房,1张特大床,远离电梯",1037.00,995.15
2022-09-05,万豪,青岛西海岸隆和艾美度假酒店,"双人床客房,客房,2张双人床,城市景观",889.00,864.55
2022-09-05,万豪,青岛西海岸隆和艾美度假酒店,"双人床海景房,客房,2张双人床,海洋景观,阳台",938.00,911.10
2022-09-05,万豪,青岛西海岸隆和艾美度假酒店,"双人床海景房,客房,2张双人床,海洋景观,阳台",987.00,957.65
2022-09-05,万豪,青岛西海岸隆和艾美度假酒店,"特大床海景套房,1卧室套房,1张特大床,海洋景观,阳台",1134.00,1087.30
2022-09-05,万豪,青岛西海岸隆和艾美度假酒店,"探索海景套房,1卧室大型套房,1张特大床,海洋景观,阳台",1330.00,1273.50
2022-09-05,万豪,青岛西海岸隆和福朋喜来登酒店,"舒适客房,客房,1张特大床,城市景观",1359.00,1301.05
2022-09-05,万豪,青岛西海岸隆和福朋喜来登酒店,"舒适客房,客房,1张特大床,城市景观",1437.00,1375.15
2022-09-05,万豪,青岛西海岸隆和福朋喜来登酒店,"海景客房,客房,1张特大床,海洋景观",1457.00,1394.15
2022-09-05,万豪,青岛西海岸隆和福朋喜来登酒店,"海景客房,客房,1张特大床,海洋景观",1537.00,1470.15
2022-09-05,万豪,青岛西海岸隆和福朋喜来登酒店,"海景开放式套房,1卧室小型套房,张特大床,海洋景观",1800.00,1720.00
2022-09-05,万豪,青岛西海岸隆和福朋喜来登酒店,"福朋套房,1卧室大型套房,1张特大床,海洋景观",1947.00,1859.65
2022-09-05,万豪,青岛西海岸隆和福朋喜来登酒店,"豪华海景套房,2卧室2厅套房,卧室1:1张特大床,卧室2:2张双人床",2633.00,2501.35
2022-09-05,万豪,青岛西海岸隆和福朋喜来登酒店,"总统套房,行政楼层,2卧室总统套房,海洋景观",3592.00,3376.48
2022-09-05,万豪,青岛胶州绿城喜来登酒店,"1张特大床,客房",517.00,511.15
2022-09-05,万豪,青岛胶州绿城喜来登酒店,"1张特大床,城市景观,客房",537.00,530.15
2022-09-05,万豪,青岛胶州绿城喜来登酒店,"客房,1张特大床",546.00,538.70
2022-09-05,万豪,青岛胶州绿城喜来登酒店,"客房,1张特大床,城市景观",587.00,577.65
2022-09-05,万豪,青岛胶州绿城喜来登酒店,"1张特大床,行政酒廊礼遇,客房",713.00,697.35
2022-09-05,万豪,青岛胶州绿城喜来登酒店,"礼宾酒廊礼遇,1卧室套房,1张特大床",798.00,778.10
2022-09-05,万豪,青岛胶州绿城喜来登酒店,"1张特大床,行政酒廊礼遇,单卧室套房",811.00,790.45
2022-09-05,万豪,青岛胶州绿城喜来登酒店,"1张特大床,行政酒廊礼遇,大型单卧室套房",909.00,883.55
2022-09-05,万豪,青岛西海岸威斯汀酒店,"1张特大床,行政酒廊礼遇,大型套房",2593.00,2463.35
2022-09-06,万豪,青岛威斯汀酒店,"1张特大床,城市景观,大型客房",1459.00,1396.05
2022-09-06,万豪,青岛威斯汀酒店,"1张特大床,城市景观,单卧室精致套房",1490.00,1425.50
2022-09-06,万豪,青岛威斯汀酒店,"大型客房,1张特大床,城市景观",1509.00,1443.55
2022-09-06,万豪,青岛威斯汀酒店,"1卧室小型套房,1张特大床,城市景观",1539.00,1472.05
2022-09-06,万豪,青岛威斯汀酒店,"2张双人床,城市景观,行政酒廊礼遇,客房",1634.00,1562.30
2022-09-06,万豪,青岛威斯汀酒店,"1卧室套房,1张特大床,城市景观",1679.00,1605.05
2022-09-06,万豪,青岛威斯汀酒店,"行政酒廊礼遇,客房,1张特大床,城市景观",1683.00,1608.85
2022-09-06,万豪,青岛威斯汀酒店,"行政酒廊礼遇,1卧室小型套房,1张特大床,城市景观",1752.00,1674.40
2022-09-06,万豪,青岛威斯汀酒店,"行政酒廊礼遇,1卧室大型套房,1张特大床,城市景观",2666.00,2532.70
2022-09-06,万豪,青岛威斯汀酒店,"行政酒廊礼遇,1卧室大型套房,1张特大床,海洋景观,高楼层",3123.00,2935.62
2022-09-06,万豪,青岛瑞吉酒店,"豪华海景双床房,客房,2张单人床,海洋景观",1999.00,1909.05
2022-09-06,万豪,青岛瑞吉酒店,"天际海景大床房,客房,1张特大床,海洋景观",2098.00,1993.10
2022-09-06,万豪,青岛瑞吉酒店,"豪华海景双床房,客房,2张单人床,海洋景观",2120.00,2014.00
2022-09-06,万豪,青岛瑞吉酒店,"八大关滨海景观大床房,客房,1张特大床,八大关景观,海洋景观",2157.00,2049.15
2022-09-06,万豪,青岛瑞吉酒店,"天际海景大床房,客房,1张特大床,海洋景观",2178.00,2069.10
2022-09-06,万豪,青岛瑞吉酒店,"奥帆海港景观大床房,客房,1张特大床,天际线景观",2192.00,2082.40
2022-09-06,万豪,青岛瑞吉酒店,"天际海景双床房,客房,2张单人床,海洋景观",2262.00,2148.90
2022-09-06,万豪,青岛瑞吉酒店,"八大关滨海景观大床房,客房,1张特大床,八大关景观,海洋景观",2320.00,2204.00
2022-09-06,万豪,青岛瑞吉酒店,"奥帆海港景观大床房,客房,1张特大床,天际线景观",2355.00,2237.25
2022-09-06,万豪,青岛瑞吉酒店,"瑞吉套房,1卧室套房,1张特大床,八大关景观,城市景观",3498.00,3288.12
2022-09-06,万豪,青岛瑞吉酒店,"瑞吉套房,1卧室套房,1张特大床,八大关景观,城市景观",3661.00,3441.34
2022-09-06,万豪,青岛瑞吉酒店,"约翰雅各布阿斯特海景套房,套房,1张特大床,海洋景观",4314.00,4055.16
2022-09-06,万豪,青岛瑞吉酒店,"约翰雅各布阿斯特海景套房,套房,1张特大床,海洋景观",4477.00,4208.38
2022-09-06,万豪,青岛瑞吉酒店,"卡罗琳阿斯特海景套房,1卧室套房,1张特大床,海洋景观",4664.00,4384.16
2022-09-06,万豪,青岛瑞吉酒店,"卡罗琳阿斯特海景套房,1卧室套房,1张特大床,海洋景观",4827.00,4537.38
2022-09-06,万豪,青岛瑞吉酒店,"大都会海景套房,1卧室套房,1张特大床,海洋景观",13525.00,12713.50
2022-09-06,万豪,青岛瑞吉酒店,"大使海景套房,1卧室套房,1张特大床,海洋景观",13688.00,12866.72
2022-09-06,万豪,青岛富力艾美酒店,"2张单人床,客房",697.00,682.15
2022-09-06,万豪,青岛富力艾美酒店,"1张特大床,客房",717.00,701.15
2022-09-06,万豪,青岛富力艾美酒店,"客房,2张单人床",766.00,747.70
2022-09-06,万豪,青岛富力艾美酒店,"2张双人床,高楼层,客房",775.00,756.25
2022-09-06,万豪,青岛富力艾美酒店,"客房,1张特大床",784.00,764.80
2022-09-06,万豪,青岛富力艾美酒店,"1张特大床,高楼层,客房",795.00,775.25
2022-09-06,万豪,青岛富力艾美酒店,"客房,1张特大床,高楼层",811.00,790.45
2022-09-06,万豪,青岛富力艾美酒店,"客房,2张双人床,高楼层",844.00,821.80
2022-09-06,万豪,青岛富力艾美酒店,"1张特大床,大型客房",854.00,831.30
2022-09-06,万豪,青岛富力艾美酒店,"大型客房,1张特大床",922.00,895.90
2022-09-06,万豪,青岛富力艾美酒店,"2张双人床,行政酒廊礼遇,客房",961.00,932.95
2022-09-06,万豪,青岛富力艾美酒店,"1张特大床,行政酒廊礼遇,单卧室精致套房",2656.00,2523.20
2022-09-06,万豪,青岛富力艾美酒店,"行政酒廊礼遇,1卧室小型套房,1张特大床",3010.00,2829.40
2022-09-06,万豪,青岛富力艾美酒店,"1张特大床,行政酒廊礼遇,大型单卧室套房",3341.00,3140.54
2022-09-06,万豪,青岛李沧绿城喜来登酒店,"2张单人床,城市景观,客房",706.00,690.70
2022-09-06,万豪,青岛李沧绿城喜来登酒店,"2张单人床,山峦景观,客房",708.00,692.60
2022-09-06,万豪,青岛李沧绿城喜来登酒店,"客房,2张单人床,城市景观",720.00,704.00
2022-09-06,万豪,青岛李沧绿城喜来登酒店,"2张单人床,湖景,客房",725.00,708.75
2022-09-06,万豪,青岛李沧绿城喜来登酒店,"客房,2张单人床,山峦景观,高楼层",757.00,739.15
2022-09-06,万豪,青岛李沧绿城喜来登酒店,"1张特大床,城市景观,客房",763.00,744.85
2022-09-06,万豪,青岛李沧绿城喜来登酒店,"1张特大床,山峦景观,客房",766.00,747.70
2022-09-06,万豪,青岛李沧绿城喜来登酒店,"客房,2张单人床,湖泊景观,高楼层",774.00,755.30
2022-09-06,万豪,青岛李沧绿城喜来登酒店,"客房,1张特大床,城市景观",778.00,759.10
2022-09-06,万豪,青岛李沧绿城喜来登酒店,"1张特大床,湖景,客房",782.00,762.90
2022-09-06,万豪,青岛李沧绿城喜来登酒店,"客房,1张特大床,山峦景观,高楼层",815.00,794.25
2022-09-06,万豪,青岛李沧绿城喜来登酒店,"行政酒廊礼遇,客房,2张单人床,城市景观,高楼层",820.00,799.00
2022-09-06,万豪,青岛李沧绿城喜来登酒店,"客房,1张特大床,湖泊景观,高楼层",831.00,809.45
2022-09-06,万豪,青岛李沧绿城喜来登酒店,"行政酒廊礼遇,客房,1张特大床,城市景观,高楼层",878.00,854.10
2022-09-06,万豪,青岛李沧绿城喜来登酒店,"1张特大床,湖景,行政酒廊礼遇,套房",938.00,911.10
2022-09-06,万豪,青岛李沧绿城喜来登酒店,"行政酒廊礼遇,套房,1张特大床,湖泊景观",957.00,929.15
2022-09-06,万豪,青岛李沧绿城喜来登酒店,"1张特大床,湖景,行政酒廊礼遇,大型套房",1795.00,1715.25
2022-09-06,万豪,黄岛泰成喜来登酒店,"1张特大床,客房",703.00,687.85
2022-09-06,万豪,黄岛泰成喜来登酒店,"客房,1张特大床,城市景观,城市景观",752.00,734.40
2022-09-06,万豪,黄岛泰成喜来登酒店,"1张特大床,海景,客房",802.00,781.90
2022-09-06,万豪,黄岛泰成喜来登酒店,"客房,1张特大床,唐岛湾景观,海洋景观",851.00,828.45
2022-09-06,万豪,黄岛泰成喜来登酒店,"1张特大床,行政酒廊礼遇,客房",998.00,968.10
2022-09-06,万豪,黄岛泰成喜来登酒店,"1张特大床,行政酒廊礼遇,单卧室套房",1096.00,1051.20
2022-09-06,万豪,黄岛泰成喜来登酒店,"1张特大床,海景,行政酒廊礼遇,单卧室套房",1193.00,1143.35
2022-09-06,万豪,青岛城阳宝龙福朋喜来登酒店,"双床房,客房,2张单人床",671.00,657.45
2022-09-06,万豪,青岛城阳宝龙福朋喜来登酒店,"高级大床房,客房,1张特大床",694.00,679.30
2022-09-06,万豪,青岛城阳宝龙福朋喜来登酒店,"双床房,客房,2张单人床",695.00,680.25
2022-09-06,万豪,青岛城阳宝龙福朋喜来登酒店,"豪华客房,客房,1张特大床",717.00,701.15
2022-09-06,万豪,青岛城阳宝龙福朋喜来登酒店,"高级大床房,客房,1张特大床",718.00,702.10
2022-09-06,万豪,青岛城阳宝龙福朋喜来登酒店,"豪华客房,客房,1张特大床",763.00,744.85
2022-09-06,万豪,青岛城阳宝龙福朋喜来登酒店,"行政楼层,客房,1张特大床,高楼层",843.00,820.85
2022-09-06,万豪,青岛城阳宝龙福朋喜来登酒店,"1卧室小型套房,1张特大床",900.00,875.00
2022-09-06,万豪,青岛城阳宝龙福朋喜来登酒店,"行政套房,行政酒廊礼遇,1卧室大型套房,1张特大床",957.00,929.15
2022-09-06,万豪,青岛城阳宝龙福朋喜来登酒店,"行政酒廊礼遇,1卧室大型套房,1张特大床,远离电梯",1014.00,973.30
2022-09-06,万豪,青岛西海岸隆和艾美度假酒店,"双人床客房,客房,2张双人床,城市景观",889.00,864.55
2022-09-06,万豪,青岛西海岸隆和艾美度假酒店,"双人床海景房,客房,2张双人床,海洋景观,阳台",938.00,911.10
2022-09-06,万豪,青岛西海岸隆和艾美度假酒店,"双人床海景房,客房,2张双人床,海洋景观,阳台",987.00,957.65
2022-09-06,万豪,青岛西海岸隆和艾美度假酒店,"特大床海景套房,1卧室套房,1张特大床,海洋景观,阳台",1134.00,1087.30
2022-09-06,万豪,青岛西海岸隆和艾美度假酒店,"探索海景套房,1卧室大型套房,1张特大床,海洋景观,阳台",1330.00,1273.50
2022-09-06,万豪,青岛西海岸隆和福朋喜来登酒店,"舒适客房,客房,1张特大床,城市景观",1359.00,1301.05
2022-09-06,万豪,青岛西海岸隆和福朋喜来登酒店,"舒适客房,客房,1张特大床,城市景观",1437.00,1375.15
2022-09-06,万豪,青岛西海岸隆和福朋喜来登酒店,"海景客房,客房,1张特大床,海洋景观",1457.00,1394.15
2022-09-06,万豪,青岛西海岸隆和福朋喜来登酒店,"海景客房,客房,1张特大床,海洋景观",1537.00,1470.15
2022-09-06,万豪,青岛西海岸隆和福朋喜来登酒店,"海景开放式套房,1卧室小型套房,张特大床,海洋景观",1800.00,1720.00
2022-09-06,万豪,青岛西海岸隆和福朋喜来登酒店,"福朋套房,1卧室大型套房,1张特大床,海洋景观",1947.00,1859.65
2022-09-06,万豪,青岛西海岸隆和福朋喜来登酒店,"豪华海景套房,2卧室2厅套房,卧室1:1张特大床,卧室2:2张双人床",2633.00,2501.35
2022-09-06,万豪,青岛西海岸隆和福朋喜来登酒店,"总统套房,行政楼层,2卧室总统套房,海洋景观",3592.00,3376.48
2022-09-06,万豪,青岛胶州绿城喜来登酒店,"1张特大床,客房",517.00,511.15
2022-09-06,万豪,青岛胶州绿城喜来登酒店,"1张特大床,城市景观,客房",537.00,530.15
2022-09-06,万豪,青岛胶州绿城喜来登酒店,"客房,1张特大床",546.00,538.70
2022-09-06,万豪,青岛胶州绿城喜来登酒店,"客房,1张特大床,城市景观",587.00,577.65
2022-09-06,万豪,青岛胶州绿城喜来登酒店,"1张特大床,行政酒廊礼遇,客房",713.00,697.35
2022-09-06,万豪,青岛胶州绿城喜来登酒店,"礼宾酒廊礼遇,1卧室套房,1张特大床",798.00,778.10
2022-09-06,万豪,青岛胶州绿城喜来登酒店,"1张特大床,行政酒廊礼遇,单卧室套房",811.00,790.45
2022-09-06,万豪,青岛胶州绿城喜来登酒店,"1张特大床,行政酒廊礼遇,大型单卧室套房",909.00,883.55
2022-09-06,万豪,青岛西海岸威斯汀酒店,"1张特大床,行政酒廊礼遇,大型套房",2593.00,2463.35
2022-09-07,万豪,青岛威斯汀酒店,"2张双人床,城市景观,客房",1274.00,1220.30
2022-09-07,万豪,青岛威斯汀酒店,"客房,2张双人床,城市景观",1319.00,1263.05
2022-09-07,万豪,青岛威斯汀酒店,"1张特大床,城市景观,大型客房",1392.00,1332.40
2022-09-07,万豪,青岛威斯汀酒店,"1张特大床,城市景观,单卧室精致套房",1421.00,1359.95
2022-09-07,万豪,青岛威斯汀酒店,"大型客房,1张特大床,城市景观",1440.00,1378.00
2022-09-07,万豪,青岛威斯汀酒店,"1卧室小型套房,1张特大床,城市景观",1470.00,1406.50
2022-09-07,万豪,青岛威斯汀酒店,"2张双人床,城市景观,行政酒廊礼遇,客房",1536.00,1469.20
2022-09-07,万豪,青岛威斯汀酒店,"1卧室套房,1张特大床,城市景观",1610.00,1539.50
2022-09-07,万豪,青岛威斯汀酒店,"行政酒廊礼遇,客房,1张特大床,城市景观",1614.00,1543.30
2022-09-07,万豪,青岛威斯汀酒店,"行政酒廊礼遇,1卧室小型套房,1张特大床,城市景观",1683.00,1608.85
2022-09-07,万豪,青岛威斯汀酒店,"行政酒廊礼遇,1卧室大型套房,1张特大床,城市景观",2597.00,2467.15
2022-09-07,万豪,青岛威斯汀酒店,"行政酒廊礼遇,1卧室大型套房,1张特大床,海洋景观,高楼层",3054.00,2870.76
2022-09-07,万豪,青岛瑞吉酒店,"豪华海景双床房,客房,2张单人床,海洋景观",1999.00,1909.05
2022-09-07,万豪,青岛瑞吉酒店,"天际海景大床房,客房,1张特大床,海洋景观",2098.00,1993.10
2022-09-07,万豪,青岛瑞吉酒店,"豪华海景双床房,客房,2张单人床,海洋景观",2120.00,2014.00
2022-09-07,万豪,青岛瑞吉酒店,"八大关滨海景观大床房,客房,1张特大床,八大关景观,海洋景观",2157.00,2049.15
2022-09-07,万豪,青岛瑞吉酒店,"天际海景大床房,客房,1张特大床,海洋景观",2178.00,2069.10
2022-09-07,万豪,青岛瑞吉酒店,"奥帆海港景观大床房,客房,1张特大床,天际线景观",2192.00,2082.40
2022-09-07,万豪,青岛瑞吉酒店,"天际海景双床房,客房,2张单人床,海洋景观",2262.00,2148.90
2022-09-07,万豪,青岛瑞吉酒店,"八大关滨海景观大床房,客房,1张特大床,八大关景观,海洋景观",2320.00,2204.00
2022-09-07,万豪,青岛瑞吉酒店,"奥帆海港景观大床房,客房,1张特大床,天际线景观",2355.00,2237.25
2022-09-07,万豪,青岛瑞吉酒店,"瑞吉套房,1卧室套房,1张特大床,八大关景观,城市景观",3498.00,3288.12
2022-09-07,万豪,青岛瑞吉酒店,"瑞吉套房,1卧室套房,1张特大床,八大关景观,城市景观",3661.00,3441.34
2022-09-07,万豪,青岛瑞吉酒店,"约翰雅各布阿斯特海景套房,套房,1张特大床,海洋景观",4314.00,4055.16
2022-09-07,万豪,青岛瑞吉酒店,"约翰雅各布阿斯特海景套房,套房,1张特大床,海洋景观",4477.00,4208.38
2022-09-07,万豪,青岛瑞吉酒店,"卡罗琳阿斯特海景套房,1卧室套房,1张特大床,海洋景观",4664.00,4384.16
2022-09-07,万豪,青岛瑞吉酒店,"卡罗琳阿斯特海景套房,1卧室套房,1张特大床,海洋景观",4827.00,4537.38
2022-09-07,万豪,青岛瑞吉酒店,"大都会海景套房,1卧室套房,1张特大床,海洋景观",13525.00,12713.50
2022-09-07,万豪,青岛瑞吉酒店,"大使海景套房,1卧室套房,1张特大床,海洋景观",13688.00,12866.72
2022-09-07,万豪,青岛富力艾美酒店,"2张单人床,客房",697.00,682.15
2022-09-07,万豪,青岛富力艾美酒店,"客房,2张单人床",766.00,747.70
2022-09-07,万豪,青岛富力艾美酒店,"1张特大床,高楼层,客房",795.00,775.25
2022-09-07,万豪,青岛富力艾美酒店,"客房,1张特大床,高楼层",811.00,790.45
2022-09-07,万豪,青岛富力艾美酒店,"1张特大床,大型客房",854.00,831.30
2022-09-07,万豪,青岛富力艾美酒店,"大型客房,1张特大床",922.00,895.90
2022-09-07,万豪,青岛富力艾美酒店,"2张双人床,行政酒廊礼遇,客房",961.00,932.95
2022-09-07,万豪,青岛富力艾美酒店,"1张特大床,行政酒廊礼遇,客房",981.00,951.95
2022-09-07,万豪,青岛富力艾美酒店,"1张特大床,行政酒廊礼遇,单卧室精致套房",2656.00,2523.20
2022-09-07,万豪,青岛富力艾美酒店,"行政酒廊礼遇,1卧室小型套房,1张特大床",3010.00,2829.40
2022-09-07,万豪,青岛富力艾美酒店,"1张特大床,行政酒廊礼遇,大型单卧室套房",3341.00,3140.54
2022-09-07,万豪,青岛李沧绿城喜来登酒店,"2张单人床,城市景观,客房",715.00,699.25
2022-09-07,万豪,青岛李沧绿城喜来登酒店,"2张单人床,山峦景观,客房",718.00,702.10
2022-09-07,万豪,青岛李沧绿城喜来登酒店,"客房,2张单人床,城市景观",731.00,714.45
2022-09-07,万豪,青岛李沧绿城喜来登酒店,"2张单人床,湖景,客房",735.00,718.25
2022-09-07,万豪,青岛李沧绿城喜来登酒店,"1张特大床,城市景观,客房",756.00,738.20
2022-09-07,万豪,青岛李沧绿城喜来登酒店,"1张特大床,山峦景观,客房",759.00,741.05
2022-09-07,万豪,青岛李沧绿城喜来登酒店,"客房,2张单人床,山峦景观,高楼层",767.00,748.65
2022-09-07,万豪,青岛李沧绿城喜来登酒店,"客房,1张特大床,城市景观",771.00,752.45
2022-09-07,万豪,青岛李沧绿城喜来登酒店,"1张特大床,湖景,客房",776.00,757.20
2022-09-07,万豪,青岛李沧绿城喜来登酒店,"客房,2张单人床,湖泊景观,高楼层",784.00,764.80
2022-09-07,万豪,青岛李沧绿城喜来登酒店,"客房,1张特大床,山峦景观,高楼层",808.00,787.60
2022-09-07,万豪,青岛李沧绿城喜来登酒店,"客房,1张特大床,湖泊景观,高楼层",825.00,803.75
2022-09-07,万豪,青岛李沧绿城喜来登酒店,"行政酒廊礼遇,客房,2张单人床,城市景观,高楼层",831.00,809.45
2022-09-07,万豪,青岛李沧绿城喜来登酒店,"行政酒廊礼遇,客房,1张特大床,城市景观,高楼层",871.00,847.45
2022-09-07,万豪,青岛李沧绿城喜来登酒店,"1张特大床,湖景,行政酒廊礼遇,套房",931.00,904.45
2022-09-07,万豪,青岛李沧绿城喜来登酒店,"行政酒廊礼遇,套房,1张特大床,湖泊景观",950.00,922.50
2022-09-07,万豪,青岛李沧绿城喜来登酒店,"1张特大床,湖景,行政酒廊礼遇,大型套房",1788.00,1708.60
2022-09-07,万豪,黄岛泰成喜来登酒店,"1张特大床,客房",644.00,631.80
2022-09-07,万豪,黄岛泰成喜来登酒店,"客房,1张特大床,城市景观,城市景观",693.00,678.35
2022-09-07,万豪,黄岛泰成喜来登酒店,"1张特大床,海景,客房",742.00,724.90
2022-09-07,万豪,黄岛泰成喜来登酒店,"客房,1张特大床,唐岛湾景观,海洋景观",791.00,771.45
2022-09-07,万豪,黄岛泰成喜来登酒店,"1张特大床,行政酒廊礼遇,客房",938.00,911.10
2022-09-07,万豪,黄岛泰成喜来登酒店,"1张特大床,行政酒廊礼遇,单卧室套房",1036.00,994.20
2022-09-07,万豪,黄岛泰成喜来登酒店,"1张特大床,海景,行政酒廊礼遇,单卧室套房",1134.00,1087.30
2022-09-07,万豪,青岛城阳宝龙福朋喜来登酒店,"双床房,客房,2张单人床",649.00,636.55
2022-09-07,万豪,青岛城阳宝龙福朋喜来登酒店,"高级大床房,客房,1张特大床",671.00,657.45
2022-09-07,万豪,青岛城阳宝龙福朋喜来登酒店,"双床房,客房,2张单人床",672.00,658.40
2022-09-07,万豪,青岛城阳宝龙福朋喜来登酒店,"豪华客房,客房,1张特大床",694.00,679.30
2022-09-07,万豪,青岛城阳宝龙福朋喜来登酒店,"高级大床房,客房,1张特大床",695.00,680.25
2022-09-07,万豪,青岛城阳宝龙福朋喜来登酒店,"豪华客房,客房,1张特大床",740.00,723.00
2022-09-07,万豪,青岛城阳宝龙福朋喜来登酒店,"行政楼层,客房,1张特大床,高楼层",820.00,799.00
2022-09-07,万豪,青岛城阳宝龙福朋喜来登酒店,"1卧室小型套房,1张特大床",877.00,853.15
2022-09-07,万豪,青岛城阳宝龙福朋喜来登酒店,"行政套房,行政酒廊礼遇,1卧室大型套房,1张特大床",934.00,907.30
2022-09-07,万豪,青岛城阳宝龙福朋喜来登酒店,"行政酒廊礼遇,1卧室大型套房,1张特大床,远离电梯",991.00,961.45
2022-09-07,万豪,青岛西海岸隆和艾美度假酒店,"双人床客房,客房,2张双人床,城市景观",889.00,864.55
2022-09-07,万豪,青岛西海岸隆和艾美度假酒店,"双人床海景房,客房,2张双人床,海洋景观,阳台",938.00,911.10
2022-09-07,万豪,青岛西海岸隆和艾美度假酒店,"双人床海景房,客房,2张双人床,海洋景观,阳台",987.00,957.65
2022-09-07,万豪,青岛西海岸隆和艾美度假酒店,"特大床海景套房,1卧室套房,1张特大床,海洋景观,阳台",1134.00,1087.30
2022-09-07,万豪,青岛西海岸隆和艾美度假酒店,"探索海景套房,1卧室大型套房,1张特大床,海洋景观,阳台",1330.00,1273.50
2022-09-07,万豪,青岛西海岸隆和福朋喜来登酒店,"舒适客房,客房,1张特大床,城市景观",1382.00,1322.90
2022-09-07,万豪,青岛西海岸隆和福朋喜来登酒店,"舒适客房,客房,1张特大床,城市景观",1460.00,1397.00
2022-09-07,万豪,青岛西海岸隆和福朋喜来登酒店,"海景客房,客房,1张特大床,海洋景观",1480.00,1416.00
2022-09-07,万豪,青岛西海岸隆和福朋喜来登酒店,"海景客房,客房,1张特大床,海洋景观",1560.00,1492.00
2022-09-07,万豪,青岛西海岸隆和福朋喜来登酒店,"海景开放式套房,1卧室小型套房,张特大床,海洋景观",1823.00,1741.85
2022-09-07,万豪,青岛西海岸隆和福朋喜来登酒店,"福朋套房,1卧室大型套房,1张特大床,海洋景观",1970.00,1881.50
2022-09-07,万豪,青岛西海岸隆和福朋喜来登酒店,"豪华海景套房,2卧室2厅套房,卧室1:1张特大床,卧室2:2张双人床",2656.00,2523.20
2022-09-07,万豪,青岛西海岸隆和福朋喜来登酒店,"总统套房,行政楼层,2卧室总统套房,海洋景观",3592.00,3376.48
2022-09-07,万豪,青岛胶州绿城喜来登酒店,"1张特大床,客房",517.00,511.15
2022-09-07,万豪,青岛胶州绿城喜来登酒店,"1张特大床,城市景观,客房",537.00,530.15
2022-09-07,万豪,青岛胶州绿城喜来登酒店,"客房,1张特大床",546.00,538.70
2022-09-07,万豪,青岛胶州绿城喜来登酒店,"客房,1张特大床,城市景观",587.00,577.65
2022-09-07,万豪,青岛胶州绿城喜来登酒店,"1张特大床,行政酒廊礼遇,客房",713.00,697.35
2022-09-07,万豪,青岛胶州绿城喜来登酒店,"礼宾酒廊礼遇,1卧室套房,1张特大床",798.00,778.10
2022-09-07,万豪,青岛胶州绿城喜来登酒店,"1张特大床,行政酒廊礼遇,单卧室套房",811.00,790.45
2022-09-07,万豪,青岛胶州绿城喜来登酒店,"1张特大床,行政酒廊礼遇,大型单卧室套房",909.00,883.55
2022-09-07,万豪,青岛西海岸威斯汀酒店,"2张单人床,客房",706.00,690.70
2022-09-07,万豪,青岛西海岸威斯汀酒店,"客房,2张单人床",745.00,727.75
2022-09-07,万豪,青岛西海岸威斯汀酒店,"1张特大床,客房",755.00,737.25
2022-09-07,万豪,青岛西海岸威斯汀酒店,"2张单人床,大型客房",775.00,756.25
2022-09-07,万豪,青岛西海岸威斯汀酒店,"客房,1张特大床",794.00,774.30
2022-09-07,万豪,青岛西海岸威斯汀酒店,"大型客房,2张单人床",813.00,792.35
2022-09-07,万豪,青岛西海岸威斯汀酒店,"1张特大床,大型客房",824.00,802.80
2022-09-07,万豪,青岛西海岸威斯汀酒店,"大型客房,1张特大床",862.00,838.90
2022-09-07,万豪,青岛西海岸威斯汀酒店,"1张特大床,行政酒廊礼遇,大型客房",1078.00,1034.10
2022-09-07,万豪,青岛西海岸威斯汀酒店,"行政酒廊礼遇,大型客房,1张特大床",1100.00,1055.00
2022-09-07,万豪,青岛西海岸威斯汀酒店,"1张特大床,行政酒廊礼遇,套房",1307.00,1251.65
2022-09-07,万豪,青岛西海岸威斯汀酒店,"行政酒廊礼遇,1卧室套房,张特大床",1333.00,1276.35
2022-09-07,万豪,青岛西海岸威斯汀酒店,"1张特大床,行政酒廊礼遇,大型套房",2564.00,2435.80
