url,公告类型,公告子类型,公告标题,公告内容,项目编号,产品,招标预算金额（元）,招标公司,招标公司类型,招标联系人,招标代理机构,代理机构联系人,中标公司,中标联系人,中标金额（元）,发布时间,省份,城市,招标状态,标书获取截止日期,投标截止日期,链接,公司地址,招标数量,招标总金额,供应商数量
虚拟仿真服装数字实验室建设项目采购的合同,中标,合同,虚拟仿真服装数字实验室建设项目采购的合同,,,虚拟仿真服装数字实验室建设项目,0.0,绍兴市柯桥区职业教育中心,政府及事业单位,,,,绍兴东致信息工程有限公司 ,中标人     18966097107 ,0.0,2022-09-26,浙江,绍兴,,,,https://www.zhiliaobiaoxun.com/content/363150794/b2,地址浙江省绍兴市柯桥区漓渚镇福漓公路兰花大厦402室,49 次,"1,290.53 万",25 家
浙江特殊教育职业学院非遗专业群虚拟仿真实训基地建设项目的合同,中标,合同,浙江特殊教育职业学院非遗专业群虚拟仿真实训基地建设项目的合同,,,虚拟仿真实训基地建设项目,0.0,浙江特殊教育职业学院,学校,,,,江苏一鼎堂软件科技有限公司 ,"中标人     18072883089 ,中标人     18667122369 ,闵**     13506763566 ,闵**     025-52171471 ,林**     13282199206 ",0.0,2022-09-26,浙江,,,,,https://www.zhiliaobiaoxun.com/content/363080968/b2,地址南京市建邺区茶亭东街79号2-1-22，2-1-23,106 次,"3,367.78 万",52 家
浙江特殊教育职业学院非遗专业群虚拟仿真实训基地建设项目的合同公告,中标,合同,浙江特殊教育职业学院非遗专业群虚拟仿真实训基地建设项目的合同公告,,CTZB-2022070555,虚拟仿真实训基地建设项目,2156000.0,浙江特殊教育职业学院,学校,采购人-18067952166,浙江省成套招标代理有限公司,,江苏一鼎堂软件科技有限公司 ,"中标人     18072883089 ,中标人     18667122369 ,闵**     13506763566 ,闵**     025-52171471 ,林**     13282199206 ",2156000.0,2022-09-26,浙江,,,,,https://www.zhiliaobiaoxun.com/content/363031240/b2,地址南京市建邺区茶亭东街79号2-1-22，2-1-23,106 次,"3,367.78 万",52 家
虚拟仿真服装数字实验室建设项目采购的合同公告,中标,合同,虚拟仿真服装数字实验室建设项目采购的合同公告,,绍柯采[2022]2271号,虚拟仿真服装数字实验室建设项目,684970.0,绍兴市柯桥区职业教育中心,政府及事业单位,葛**-0575-85682111,绍兴市鼎正建设工程咨询有限公司,,绍兴东致信息工程有限公司 ,中标人     18966097107 ,684970.0,2022-09-26,浙江,绍兴,,,,https://www.zhiliaobiaoxun.com/content/363125950/b2,地址浙江省绍兴市柯桥区漓渚镇福漓公路兰花大厦402室,49 次,"1,290.53 万",25 家
杭州师范大学思想政治理论课沉浸式虚拟仿真实验室建设项目履约验收公告,中标,验收公告,杭州师范大学思想政治理论课沉浸式虚拟仿真实验室建设项目履约验收公告,,HZNU-2021146,沉浸式虚拟仿真实验室建设项目,790000.0,杭州师范大学,学校,张*-0571-28865850,,,青岛同创信息科技有限公司 ,"中标人     18653207236 ,许*     18561583482 ,庞**     0536-68982458 ,魏**     0532-68982458 ,魏**     18254205997 ",688340.0,2022-09-23,浙江,杭州,,,,https://www.zhiliaobiaoxun.com/content/362345080/b2,地址青岛市李沧区郑佛路17号综合楼306室,69 次,"7,086.17 万",31 家
东阳市技术学校机电设备采购项目的合同公告,中标,合同,东阳市技术学校机电设备采购项目的合同公告,,DYCG2022-A077,"电气自动化虚拟仿真系统,机床电气控制线路排故实训平台,机电设备,电工技能与实验仿真教学软件",294800.0,东阳市技术学校,学校,张*-0579-86389704,金华市公共资源交易中心东阳分中心,,浙江新工科教育科技有限公司 ,"中标人     18069897089 ,中标人     15867194148 ",294800.0,2022-09-23,浙江,金华,,,,https://www.zhiliaobiaoxun.com/content/362276842/b2,地址浙江省杭州市余杭区闲林街道嘉企路5号4号楼3楼,18 次,463.91 万,10 家
实验安全教育及氟硅钴产业动画演示虚拟仿真项目的合同,中标,合同,实验安全教育及氟硅钴产业动画演示虚拟仿真项目的合同,,,"氟硅钴产业动画演示虚拟仿真项目,实验安全教育",0.0,衢州学院,学校,,,,杭州百子尖科技股份有限公司 ,"中标人     13732296098 ,中标人     15257188384 ,葛*     15068877863 ",0.0,2022-09-21,浙江,衢州,,,,https://www.zhiliaobiaoxun.com/content/362124780/b2,地址浙江省杭州市余杭区余杭街道文一西路1818-2号11幢902室,25 次,"2,545.44 万",15 家
实验安全教育及氟硅钴产业动画演示虚拟仿真项目的合同公告,中标,合同,实验安全教育及氟硅钴产业动画演示虚拟仿真项目的合同公告,,衢院招2022-40,"氟硅钴产业动画演示虚拟仿真项目,实验室安全虚拟现实3D培训考试系统,实验安全教育,实验室安全VR系统,HSE双重预防体系",790000.0,衢州学院,学校,采购人-13587037182,,,杭州百子尖科技股份有限公司 ,"中标人     13732296098 ,中标人     15257188384 ,葛*     15068877863 ",790000.0,2022-09-21,浙江,衢州,,,,https://www.zhiliaobiaoxun.com/content/362021624/b2,地址浙江省杭州市余杭区余杭街道文一西路1818-2号11幢902室,25 次,"2,545.44 万",15 家
杭州师范大学虚拟仿真建设履约验收公告,中标,验收公告,杭州师范大学虚拟仿真建设履约验收公告,,HZNU-2021094,虚拟仿真建设,1500000.0,杭州师范大学,学校,赵*-0571-28865077,,,广东一晨科技有限公司 ,"中标人     0769-81271530 ,中标人     13527912275 ,中标人     13532621775 ,中标人     15899681210 ",1395000.0,2022-09-20,浙江,杭州,,,,https://www.zhiliaobiaoxun.com/content/362019957/b2,地址广东省东莞市松山湖园区学府路1号11栋409室,71 次,8.60 亿,37 家
浙江工商职业技术学院三维数字化技术虚拟仿真（VR）模具拆装系统项目（重发）的合同,中标,合同,浙江工商职业技术学院三维数字化技术虚拟仿真（VR）模具拆装系统项目（重发）的合同,,,三维数字化技术虚拟仿真VR模具拆装系统项目,0.0,浙江工商职业技术学院,学校,,,,宁波拓固信息科技有限公司 ,"中标人     13586538080 ,中标人     13008920031 ,中标人     13819811958 ",0.0,2022-09-20,浙江,,,,,https://www.zhiliaobiaoxun.com/content/361826382/b2,地址宁波市江北区同济路199号3-3-13室,25 次,875.79 万,5 家
浙江工商职业技术学院三维数字化技术虚拟仿真（VR）模具拆装系统项目（重发）的合同公告,中标,合同,浙江工商职业技术学院三维数字化技术虚拟仿真（VR）模具拆装系统项目（重发）的合同公告,,NBJX2022087G-1,"三维数字化技术虚拟仿真VR模具拆装系统项目,VR眼镜套装,智慧一体机,虚拟现实教学平台,VR虚拟现实设备,中央空调,可上下自动调节讲台,模具拆卸与组装仿真软件",789900.0,浙江工商职业技术学院,学校,采购人-13600621355,宁波建兴招标有限公司,,宁波拓固信息科技有限公司 ,"中标人     13586538080 ,中标人     13008920031 ,中标人     13819811958 ",789900.0,2022-09-20,浙江,宁波,,,,https://www.zhiliaobiaoxun.com/content/361793732/b2,地址宁波市江北区同济路199号3-3-13室,25 次,875.79 万,5 家
宁波第二技师学院国家级示范性虚拟仿真基地管理及资源共享平台采购与安装项目（第二次）的合同,中标,合同,宁波第二技师学院国家级示范性虚拟仿真基地管理及资源共享平台采购与安装项目（第二次）的合同,,,虚拟仿真基地管理及资源共享平台采购与安装项目,0.0,宁波第二技师学院,学校,,,,厦门凤凰创壹软件有限公司 ,"中标人     18850181570 ,中标人     15605558805 ,中标人     15679210505 ,中标人     15396258728 ,中标人     13779952446 ",0.0,2022-09-19,浙江,宁波,,,,https://www.zhiliaobiaoxun.com/content/361800980/b2,地址厦门市软件园二期观日路26号508单元,202 次,1.92 亿,122 家
宁波第二技师学院国家级示范性虚拟仿真基地管理及资源共享平台采购与安装项目（第二次）的合同公告,中标,合同,宁波第二技师学院国家级示范性虚拟仿真基地管理及资源共享平台采购与安装项目（第二次）的合同公告,,CBNB-20223237G磋,虚拟仿真基地管理及资源共享平台采购与安装项目,899500.0,宁波第二技师学院,学校,杜**-0574-87459959,宁波中基国际招标有限公司,,厦门凤凰创壹软件有限公司 ,"中标人     18850181570 ,中标人     15605558805 ,中标人     15679210505 ,中标人     15396258728 ,中标人     13779952446 ",899500.0,2022-09-19,浙江,宁波,,,,https://www.zhiliaobiaoxun.com/content/361736724/b2,地址厦门市软件园二期观日路26号508单元,202 次,1.92 亿,122 家
浙江豪圣建设项目管理有限公司关于浙江警察学院虚拟仿真平台及应用模块建设项目的中标(成交)结果公告,中标,中标结果,浙江豪圣建设项目管理有限公司关于浙江警察学院虚拟仿真平台及应用模块建设项目的中标(成交)结果公告,,HSZB-2022-297,"虚拟仿真平台及应用模块建设项目,虚拟仿真实验教学平台及课程建设项目,犯罪现场勘查虚拟仿真实训项目,犯罪嫌疑人特征刻画虚拟仿真实训项目",0.0,浙江警察学院,学校,杨**-0571-87787281,浙江豪圣建设项目管理有限公司,曹**-0571-87981527,济南英泰安视信息技术有限公司 ,"中标人     18563703538 ,中标人     15614660631 ,辛**     18678390686 ,李**     13964088197 ,王**     15553124503 ",0.0 0.0 0.0 0.0 0.0 0.0 0.0 0.0,2022-09-15,浙江,杭州,,,,https://www.zhiliaobiaoxun.com/content/361025353/b2,地址济南市历城区山大南路东首（15-7号）华森职工住宅楼2单元201室,127 次,1.01 亿,51 家
浙江豪圣建设项目管理有限公司关于浙江警察学院虚拟仿真平台及应用模块建设项目的中标(成交)结果公告,中标,中标结果,浙江豪圣建设项目管理有限公司关于浙江警察学院虚拟仿真平台及应用模块建设项目的中标(成交)结果公告,,HSZB-2022-297,"虚拟仿真平台及应用模块建设项目,虚拟仿真实验教学平台及课程建设项目,犯罪现场勘查虚拟仿真实训项目,犯罪嫌疑人特征刻画虚拟仿真实训项目",0.0,浙江警察学院,学校,杨**-0571-87787281,浙江豪圣建设项目管理有限公司,曹**-0571-87981527,山东世和润安信息技术有限公司 ,"中标人     18668973938 ,中标人     18354196838 ,王*     13884668605 ,陈*     13606415159 ,石**     18505411766 ",0.0 0.0 0.0 0.0 0.0 0.0 0.0 0.0,2022-09-15,浙江,杭州,,,,https://www.zhiliaobiaoxun.com/content/361025353/b2,地址山东省济南市槐荫区齐州路绿地缤纷城2楼213室,105 次,"6,084.02 万",44 家
浙江豪圣建设项目管理有限公司关于浙江警察学院虚拟仿真平台及应用模块建设项目的中标(成交)结果公告,中标,中标结果,浙江豪圣建设项目管理有限公司关于浙江警察学院虚拟仿真平台及应用模块建设项目的中标(成交)结果公告,,HSZB-2022-297,"虚拟仿真平台及应用模块建设项目,虚拟仿真实验教学平台及课程建设项目,犯罪现场勘查虚拟仿真实训项目,犯罪嫌疑人特征刻画虚拟仿真实训项目",0.0,浙江警察学院,学校,杨**-0571-87787281,浙江豪圣建设项目管理有限公司,曹**-0571-87981527,南京浩伟智能科技有限公司 ,"中标人     025-86111066 ,林**     18994117789 ,钱*     13327818981 ",0.0 0.0 0.0 0.0 0.0 0.0 0.0 0.0,2022-09-15,浙江,杭州,,,,https://www.zhiliaobiaoxun.com/content/361025353/b2,地址南京市麒麟科技创新园（生态科技城）东麒路666号,37 次,"3,649.41 万",16 家
浙江豪圣建设项目管理有限公司关于浙江警察学院虚拟仿真平台及应用模块建设项目的中标(成交)结果公告,中标,中标结果,浙江豪圣建设项目管理有限公司关于浙江警察学院虚拟仿真平台及应用模块建设项目的中标(成交)结果公告,,HSZB-2022-297,"虚拟仿真平台及应用模块建设项目,虚拟仿真实验教学平台及课程建设项目,犯罪现场勘查虚拟仿真实训项目,犯罪嫌疑人特征刻画虚拟仿真实训项目",0.0,浙江警察学院,学校,杨**-0571-87787281,浙江豪圣建设项目管理有限公司,曹**-0571-87981527,浙江安正科技股份有限公司 ,"中标人     0571-87245751 ,中标人     18868876969 ,刘**     13466636998 ",0.0 0.0 0.0 0.0 0.0 0.0 0.0 0.0,2022-09-15,浙江,杭州,,,,https://www.zhiliaobiaoxun.com/content/361025353/b2,地址浙江省杭州市上城区婺江路217号2号楼8层823室,59 次,"4,578.91 万",33 家
浙江豪圣建设项目管理有限公司关于浙江警察学院虚拟仿真平台及应用模块建设项目的中标(成交)结果公告,中标,中标结果,浙江豪圣建设项目管理有限公司关于浙江警察学院虚拟仿真平台及应用模块建设项目的中标(成交)结果公告,,HSZB-2022-297,"虚拟仿真平台及应用模块建设项目,虚拟仿真实验教学平台及课程建设项目,犯罪现场勘查虚拟仿真实训项目,犯罪嫌疑人特征刻画虚拟仿真实训项目",0.0,浙江警察学院,学校,杨**-0571-87787281,浙江豪圣建设项目管理有限公司,曹**-0571-87981527,江苏一鼎堂软件科技有限公司 ,"中标人     18072883089 ,中标人     18667122369 ,闵**     13506763566 ,闵**     025-52171471 ,林**     13282199206 ",0.0 0.0 0.0 0.0 0.0 0.0 0.0 0.0,2022-09-15,浙江,杭州,,,,https://www.zhiliaobiaoxun.com/content/361025353/b2,地址南京市建邺区茶亭东街79号2-1-22，2-1-23,106 次,"3,367.78 万",52 家
浙江豪圣建设项目管理有限公司关于浙江警察学院虚拟仿真平台及应用模块建设项目的中标(成交)结果公告,中标,中标结果,浙江豪圣建设项目管理有限公司关于浙江警察学院虚拟仿真平台及应用模块建设项目的中标(成交)结果公告,,HSZB-2022-297,"虚拟仿真平台及应用模块建设项目,虚拟仿真实验教学平台及课程建设项目,犯罪现场勘查虚拟仿真实训项目,犯罪嫌疑人特征刻画虚拟仿真实训项目",0.0,浙江警察学院,学校,杨**-0571-87787281,浙江豪圣建设项目管理有限公司,曹**-0571-87981527,嘉兴元齐软件科技有限公司 ,"中标人     13867394636 ,中标人     15068350260 ,中标人     0573-82617159 ,吴**     0573-82685080 ",0.0 0.0 0.0 0.0 0.0 0.0 0.0 0.0,2022-09-15,浙江,杭州,,,,https://www.zhiliaobiaoxun.com/content/361025353/b2,地址浙江省嘉兴市经济技术开发区金穗路135号1幢801-2室,29 次,624.38 万,16 家
浙江豪圣建设项目管理有限公司关于浙江警察学院虚拟仿真平台及应用模块建设项目的中标(成交)结果公告,中标,中标结果,浙江豪圣建设项目管理有限公司关于浙江警察学院虚拟仿真平台及应用模块建设项目的中标(成交)结果公告,,HSZB-2022-297,"虚拟仿真平台及应用模块建设项目,虚拟仿真实验教学平台及课程建设项目,犯罪现场勘查虚拟仿真实训项目,犯罪嫌疑人特征刻画虚拟仿真实训项目",0.0,浙江警察学院,学校,杨**-0571-87787281,浙江豪圣建设项目管理有限公司,曹**-0571-87981527,浙江通鹏智能科技有限公司 ,"中标人     13858024256 ,中标人     18957159182 ,中标人     0571-89712590 ",0.0 0.0 0.0 0.0 0.0 0.0 0.0 0.0,2022-09-15,浙江,杭州,,,,https://www.zhiliaobiaoxun.com/content/361025353/b2,地址浙江省杭州市余杭区余杭街道文一西路1818-1号5G创新园1-327.332.334,25 次,"2,331.94 万",10 家
浙江豪圣建设项目管理有限公司关于浙江警察学院虚拟仿真平台及应用模块建设项目的中标(成交)结果公告,中标,中标结果,浙江豪圣建设项目管理有限公司关于浙江警察学院虚拟仿真平台及应用模块建设项目的中标(成交)结果公告,,HSZB-2022-297,"虚拟仿真平台及应用模块建设项目,虚拟仿真实验教学平台及课程建设项目,犯罪现场勘查虚拟仿真实训项目,犯罪嫌疑人特征刻画虚拟仿真实训项目",0.0,浙江警察学院,学校,杨**-0571-87787281,浙江豪圣建设项目管理有限公司,曹**-0571-87981527,杭州鑫之烁大数据科技有限公司 ,中标人     13018931444 ,0.0 0.0 0.0 0.0 0.0 0.0 0.0 0.0,2022-09-15,浙江,杭州,,,,https://www.zhiliaobiaoxun.com/content/361025353/b2,地址浙江省杭州市江干区丁兰街道临丁路697号5幢604室,9 次,182.79 万,5 家
关于衢州职业技术学院虚拟仿真实训基地建设项目（软件）设备1项目的中标(成交)结果公告,中标,中标结果,关于衢州职业技术学院虚拟仿真实训基地建设项目（软件）设备1项目的中标(成交)结果公告,,QZYCG2022-135,"虚拟仿真实训基地建设项目,软件设备",0.0,衢州职业技术学院,学校,"徐**-0570-8068411,蓝**-19957090305",,,天津麦安科技有限公司 ,"中标人     022-23778807 ,中标人     17182231111 ,中标人     13311049153 ,中标人     15522572287 ,于*     18920192583 ",0.0 0.0 1246800.0,2022-09-15,浙江,衢州,,,,https://www.zhiliaobiaoxun.com/content/361007315/b2,地址天津市河北区光复道街民主道米兰公寓15号院D-502,111 次,1.02 亿,39 家
关于衢州职业技术学院虚拟仿真实训基地建设项目（软件）设备1项目的中标(成交)结果公告,中标,中标结果,关于衢州职业技术学院虚拟仿真实训基地建设项目（软件）设备1项目的中标(成交)结果公告,,QZYCG2022-135,"虚拟仿真实训基地建设项目,软件设备",0.0,衢州职业技术学院,学校,"徐**-0570-8068411,蓝**-19957090305",,,慧医（天津）教育科技有限公司 ,"中标人     0222-3778807 ,中标人     022-87178609 ,中标人     022-23778807 ,中标人     13331163587 ,中标人     18622058172 ",0.0 0.0 1246800.0,2022-09-15,浙江,衢州,,,,https://www.zhiliaobiaoxun.com/content/361007315/b2,地址天津滨海高新区华苑产业区海泰华科三路1号4号楼2-202-1,41 次,"3,335.35 万",9 家
关于衢州职业技术学院虚拟仿真实训基地建设项目（软件）设备1项目的中标(成交)结果公告,中标,中标结果,关于衢州职业技术学院虚拟仿真实训基地建设项目（软件）设备1项目的中标(成交)结果公告,,QZYCG2022-135,"虚拟仿真实训基地建设项目,软件设备",0.0,衢州职业技术学院,学校,"徐**-0570-8068411,蓝**-19957090305",,,慧医谷中医药科技（天津）股份有限公司 ,,0.0 0.0 1246800.0,2022-09-15,浙江,衢州,,,,https://www.zhiliaobiaoxun.com/content/361007315/b2,地址天津华苑产业区海泰西路18号中南楼-401,4 次,0.0 万,4 家
浙江省政府采购中心关于浙江警察学院警务实战技能虚拟仿真训练平台及警指专业综合立体特种战术体系建设项目和杭州亚运会安保勤务及培训装备平台项目的中标(成交)结果公告,中标,中标结果,浙江省政府采购中心关于浙江警察学院警务实战技能虚拟仿真训练平台及警指专业综合立体特种战术体系建设项目和杭州亚运会安保勤务及培训装备平台项目的中标(成交)结果公告,,ZZCG2022D-GK-148,"警务实战技能虚拟仿真训练平台项目,安保勤务及培训装备平台项目,警指专业综合立体特种战术体系建设项目",0.0,浙江警察学院,学校,采购人-0571-87787048,浙江省政府采购中心,戴**-0571-88907768,杭州炽橙数字科技有限公司 ,,0.0 0.0 0.0 0.0 2669348.0 0.0,2022-09-15,浙江,杭州,,,,https://www.zhiliaobiaoxun.com/content/361025420/b2,地址浙江省杭州市萧山区宁围街道悦盛国际中心702、703室,11 次,459.16 万,9 家
浙江省政府采购中心关于浙江警察学院警务实战技能虚拟仿真训练平台及警指专业综合立体特种战术体系建设项目和杭州亚运会安保勤务及培训装备平台项目的中标(成交)结果公告,中标,中标结果,浙江省政府采购中心关于浙江警察学院警务实战技能虚拟仿真训练平台及警指专业综合立体特种战术体系建设项目和杭州亚运会安保勤务及培训装备平台项目的中标(成交)结果公告,,ZZCG2022D-GK-148,"警务实战技能虚拟仿真训练平台项目,安保勤务及培训装备平台项目,警指专业综合立体特种战术体系建设项目",0.0,浙江警察学院,学校,采购人-0571-87787048,浙江省政府采购中心,戴**-0571-88907768,浙江路盾安防装备有限公司 ,"中标人     13606705507 ,中标人     15968808333 ",0.0 0.0 0.0 0.0 2669348.0 0.0,2022-09-15,浙江,杭州,,,,https://www.zhiliaobiaoxun.com/content/361025420/b2,地址浙江省杭州市临平区东湖街道红丰路650号51幢501室,45 次,"4,542.19 万",15 家
浙江省政府采购中心关于浙江警察学院警务实战技能虚拟仿真训练平台及警指专业综合立体特种战术体系建设项目和杭州亚运会安保勤务及培训装备平台项目的中标(成交)结果公告,中标,中标结果,浙江省政府采购中心关于浙江警察学院警务实战技能虚拟仿真训练平台及警指专业综合立体特种战术体系建设项目和杭州亚运会安保勤务及培训装备平台项目的中标(成交)结果公告,,ZZCG2022D-GK-148,"警务实战技能虚拟仿真训练平台项目,安保勤务及培训装备平台项目,警指专业综合立体特种战术体系建设项目",0.0,浙江警察学院,学校,采购人-0571-87787048,浙江省政府采购中心,戴**-0571-88907768,广州钛敌科装备科技发展有限责任公司 ,中标人     13728078114 ,0.0 0.0 0.0 0.0 2669348.0 0.0,2022-09-15,浙江,杭州,,,,https://www.zhiliaobiaoxun.com/content/361025420/b2,地址广州市番禺区东环街榄塘路166号101铺、201、301房,20 次,728.16 万,11 家
浙江省政府采购中心关于浙江警察学院警务实战技能虚拟仿真训练平台及警指专业综合立体特种战术体系建设项目和杭州亚运会安保勤务及培训装备平台项目的中标(成交)结果公告,中标,中标结果,浙江省政府采购中心关于浙江警察学院警务实战技能虚拟仿真训练平台及警指专业综合立体特种战术体系建设项目和杭州亚运会安保勤务及培训装备平台项目的中标(成交)结果公告,,ZZCG2022D-GK-148,"警务实战技能虚拟仿真训练平台项目,安保勤务及培训装备平台项目,警指专业综合立体特种战术体系建设项目",0.0,浙江警察学院,学校,采购人-0571-87787048,浙江省政府采购中心,戴**-0571-88907768,浙江智探安防科技有限公司 ,中标人     13396538929 ,0.0 0.0 0.0 0.0 2669348.0 0.0,2022-09-15,浙江,杭州,,,,https://www.zhiliaobiaoxun.com/content/361025420/b2,地址浙江省杭州市萧山区经济技术开发区红垦农场红灿路189号25幢401室,22 次,493.96 万,10 家
浙江省政府采购中心关于浙江警察学院警务实战技能虚拟仿真训练平台及警指专业综合立体特种战术体系建设项目和杭州亚运会安保勤务及培训装备平台项目的中标(成交)结果公告,中标,中标结果,浙江省政府采购中心关于浙江警察学院警务实战技能虚拟仿真训练平台及警指专业综合立体特种战术体系建设项目和杭州亚运会安保勤务及培训装备平台项目的中标(成交)结果公告,,ZZCG2022D-GK-148,"警务实战技能虚拟仿真训练平台项目,安保勤务及培训装备平台项目,警指专业综合立体特种战术体系建设项目",0.0,浙江警察学院,学校,采购人-0571-87787048,浙江省政府采购中心,戴**-0571-88907768,浙江警星装备制造有限公司 ,"中标人     15700111594 ,中标人     15888829529 ,中标人     15158820924 ,中标人     13989895407 ",0.0 0.0 0.0 0.0 2669348.0 0.0,2022-09-15,浙江,杭州,,,,https://www.zhiliaobiaoxun.com/content/361025420/b2,地址浙江省杭州市上城区馆驿后2号1205室,36 次,"1,928.69 万",15 家
浙江省政府采购中心关于浙江警察学院警务实战技能虚拟仿真训练平台及警指专业综合立体特种战术体系建设项目和杭州亚运会安保勤务及培训装备平台项目的中标(成交)结果公告,中标,中标结果,浙江省政府采购中心关于浙江警察学院警务实战技能虚拟仿真训练平台及警指专业综合立体特种战术体系建设项目和杭州亚运会安保勤务及培训装备平台项目的中标(成交)结果公告,,ZZCG2022D-GK-148,"警务实战技能虚拟仿真训练平台项目,安保勤务及培训装备平台项目,警指专业综合立体特种战术体系建设项目",0.0,浙江警察学院,学校,采购人-0571-87787048,浙江省政府采购中心,戴**-0571-88907768,广东古德莱克防护装备有限公司 ,,0.0 0.0 0.0 0.0 2669348.0 0.0,2022-09-15,浙江,杭州,,,,https://www.zhiliaobiaoxun.com/content/361025420/b2,地址广东省东莞市大岭山镇大岭山振华路137号201室（集群注册）,1 次,0.0 万,1 家
浙江国际招投标有限公司关于浙江工业大学朝晖校区虚拟仿真口语跨文化实训中心建设项目的中标结果公告（非政府采购公告）,中标,中标结果,浙江国际招投标有限公司关于浙江工业大学朝晖校区虚拟仿真口语跨文化实训中心建设项目的中标结果公告（非政府采购公告）,,ZJ-2242255,虚拟仿真口语跨文化实训中心建设项目,928600.0,浙江工业大学,学校,王**-13819493620,浙江国际招投标有限公司,汪**-0571-89731843,上海左旗电子科技有限公司 ,"中标人     15001799863 ,中标人     13774358029 ,胡*     13417309934 ,范**     021-65983290 ,宋**     021-67105517 ",928600.0,2022-09-14,浙江,杭州,,,,https://www.zhiliaobiaoxun.com/content/360789179/b2,地址上海市杨浦区国定路335号8005D室,212 次,1.12 亿,68 家
绍兴市鼎正建设工程咨询有限公司关于虚拟仿真服装数字实验室建设项目采购的中标(成交)结果公告,中标,中标结果,绍兴市鼎正建设工程咨询有限公司关于虚拟仿真服装数字实验室建设项目采购的中标(成交)结果公告,,绍柯采[2022]2271号,虚拟仿真服装数字实验室建设项目,0.0,绍兴市柯桥区职业教育中心,政府及事业单位,葛**-0575-85682111,绍兴市鼎正建设工程咨询有限公司,夏**-13357564468,绍兴市英领信息技术有限公司 ,"中标人     13388675708 ,中标人     0575-89101877 ",0.0 0.0 684970.0,2022-09-13,浙江,绍兴,,,,https://www.zhiliaobiaoxun.com/content/360605409/b2,地址浙江省绍兴市越城区阳明北路80号C楼三楼3-2,47 次,"1,215.25 万",20 家
绍兴市鼎正建设工程咨询有限公司关于虚拟仿真服装数字实验室建设项目采购的中标(成交)结果公告,中标,中标结果,绍兴市鼎正建设工程咨询有限公司关于虚拟仿真服装数字实验室建设项目采购的中标(成交)结果公告,,绍柯采[2022]2271号,虚拟仿真服装数字实验室建设项目,0.0,绍兴市柯桥区职业教育中心,政府及事业单位,葛**-0575-85682111,绍兴市鼎正建设工程咨询有限公司,夏**-13357564468,绍兴恒叶信息技术有限公司 ,,0.0 0.0 684970.0,2022-09-13,浙江,绍兴,,,,https://www.zhiliaobiaoxun.com/content/360605409/b2,地址浙江省绍兴市越城区滨江星城大厦1幢1908-1室（承诺申报）,16 次,222.96 万,9 家
绍兴市鼎正建设工程咨询有限公司关于虚拟仿真服装数字实验室建设项目采购的中标(成交)结果公告,中标,中标结果,绍兴市鼎正建设工程咨询有限公司关于虚拟仿真服装数字实验室建设项目采购的中标(成交)结果公告,,绍柯采[2022]2271号,虚拟仿真服装数字实验室建设项目,0.0,绍兴市柯桥区职业教育中心,政府及事业单位,葛**-0575-85682111,绍兴市鼎正建设工程咨询有限公司,夏**-13357564468,绍兴东致信息工程有限公司 ,中标人     18966097107 ,0.0 0.0 684970.0,2022-09-13,浙江,绍兴,,,,https://www.zhiliaobiaoxun.com/content/360605409/b2,地址浙江省绍兴市柯桥区漓渚镇福漓公路兰花大厦402室,49 次,"1,290.53 万",25 家
浙江省国际技术设备招标有限公司关于浙江旅游职业学院现代旅游虚拟仿真实训基地(二期)设备及软件资源建设及采购项目的中标(成交)结果公告,中标,中标结果,浙江省国际技术设备招标有限公司关于浙江旅游职业学院现代旅游虚拟仿真实训基地(二期)设备及软件资源建设及采购项目的中标(成交)结果公告,,0625-22217903,"现代旅游虚拟仿真实训基地二期设备及软件资源建设,现代旅游虚拟仿真实训基地二期设备及软件资源建设及采购",0.0,浙江旅游职业学院,学校,邵**-0571-82838178,浙江省国际技术设备招标有限公司,龚*-0571-85860839,深圳市方直科技股份有限公司 ,"中标人     0755-86336966 ,中标人     0755-86336977 ",3028000.0 0.0 0.0 0.0,2022-09-13,浙江,杭州,,,,https://www.zhiliaobiaoxun.com/content/360586221/b2,地址深圳市南山区南头街道马家龙社区大新路198号创新大厦B栋901,17 次,701.06 万,13 家
浙江省国际技术设备招标有限公司关于浙江旅游职业学院现代旅游虚拟仿真实训基地(二期)设备及软件资源建设及采购项目的中标(成交)结果公告,中标,中标结果,浙江省国际技术设备招标有限公司关于浙江旅游职业学院现代旅游虚拟仿真实训基地(二期)设备及软件资源建设及采购项目的中标(成交)结果公告,,0625-22217903,"现代旅游虚拟仿真实训基地二期设备及软件资源建设,现代旅游虚拟仿真实训基地二期设备及软件资源建设及采购",0.0,浙江旅游职业学院,学校,邵**-0571-82838178,浙江省国际技术设备招标有限公司,龚*-0571-85860839,杭州露电数字科技集团有限公司 ,中标人     18905711858 ,3028000.0 0.0 0.0 0.0,2022-09-13,浙江,杭州,,,,https://www.zhiliaobiaoxun.com/content/360586221/b2,地址浙江省杭州市滨江区杭州市滨江区西兴街道科技馆街626号寰宇商务中心2幢405室,24 次,880.65 万,15 家
浙江省国际技术设备招标有限公司关于浙江旅游职业学院现代旅游虚拟仿真实训基地(二期)设备及软件资源建设及采购项目的中标(成交)结果公告,中标,中标结果,浙江省国际技术设备招标有限公司关于浙江旅游职业学院现代旅游虚拟仿真实训基地(二期)设备及软件资源建设及采购项目的中标(成交)结果公告,,0625-22217903,"现代旅游虚拟仿真实训基地二期设备及软件资源建设,现代旅游虚拟仿真实训基地二期设备及软件资源建设及采购",0.0,浙江旅游职业学院,学校,邵**-0571-82838178,浙江省国际技术设备招标有限公司,龚*-0571-85860839,杭州琦玮科技有限公司 ,,3028000.0 0.0 0.0 0.0,2022-09-13,浙江,杭州,,,,https://www.zhiliaobiaoxun.com/content/360586221/b2,地址浙江省杭州市西湖区文三路553号浙江中小企业大厦2019室（天度商务秘书托管1013号）,4 次,0.0 万,3 家
浙江省国际技术设备招标有限公司关于浙江旅游职业学院现代旅游虚拟仿真实训基地(二期)设备及软件资源建设及采购项目的中标(成交)结果公告,中标,中标结果,浙江省国际技术设备招标有限公司关于浙江旅游职业学院现代旅游虚拟仿真实训基地(二期)设备及软件资源建设及采购项目的中标(成交)结果公告,,0625-22217903,"现代旅游虚拟仿真实训基地二期设备及软件资源建设,现代旅游虚拟仿真实训基地二期设备及软件资源建设及采购",0.0,浙江旅游职业学院,学校,邵**-0571-82838178,浙江省国际技术设备招标有限公司,龚*-0571-85860839,杭州润致科技有限公司 ,,3028000.0 0.0 0.0 0.0,2022-09-13,浙江,杭州,,,,https://www.zhiliaobiaoxun.com/content/360586221/b2,地址浙江省杭州市西湖区转塘科技经济区块16号2幢381室,3 次,84.75 万,3 家
宁波职业技术学院阳明学院3D打印实训室建设项目的合同公告,中标,合同,宁波职业技术学院阳明学院3D打印实训室建设项目的合同公告,,ZJZC-223253,"增材制造虚拟仿真考核平台,3D打印实训室建设项目,金属3D打印机",1961000.0,宁波职业技术学院,学校,陈**-0574-86891262,浙江中创招投标有限公司,,杭州中测科技有限公司 ,"中标人     18698585717 ,中标人     18657191678 ,陈**     13157179325 ,中标人     13588018656 ",1961000.0,2022-09-11,浙江,宁波,,,,https://www.zhiliaobiaoxun.com/content/359942727/b2,地址浙江省杭州市余杭区五常街道五常街道文一西路998号4幢605室,86 次,"6,263.9 万",42 家
关于衢州职业技术学院医护康养虚拟仿真实训基地1项目的中标(成交)结果公告,中标,中标结果,关于衢州职业技术学院医护康养虚拟仿真实训基地1项目的中标(成交)结果公告,,QZYCG2022-133,"医护康养虚拟仿真实训基地,虚拟仿真实训基地建设项目硬件设备",0.0,衢州职业技术学院,学校,"徐**-0570-8068411,蓝**-19957090305",,,北京格如灵科技有限公司 ,"中标人     19931913715 ,中标人     13554158987 ,中标人     13718093499 ,张*     15879117611 ,中标人     15279161229 ",2817558.0 0.0 0.0 0.0,2022-09-08,浙江,衢州,,,,https://www.zhiliaobiaoxun.com/content/359247939/b2,地址北京市朝阳区酒仙桥路甲4号3号楼13层1303室,38 次,"1,806.93 万",27 家
关于衢州职业技术学院医护康养虚拟仿真实训基地1项目的中标(成交)结果公告,中标,中标结果,关于衢州职业技术学院医护康养虚拟仿真实训基地1项目的中标(成交)结果公告,,QZYCG2022-133,"医护康养虚拟仿真实训基地,虚拟仿真实训基地建设项目硬件设备",0.0,衢州职业技术学院,学校,"徐**-0570-8068411,蓝**-19957090305",,,杭州志速科技有限公司 ,,2817558.0 0.0 0.0 0.0,2022-09-08,浙江,衢州,,,,https://www.zhiliaobiaoxun.com/content/359247939/b2,地址浙江省杭州市拱墅区西城纪商务中心1幢410室-1,60 次,536.77 万,28 家
关于衢州职业技术学院医护康养虚拟仿真实训基地1项目的中标(成交)结果公告,中标,中标结果,关于衢州职业技术学院医护康养虚拟仿真实训基地1项目的中标(成交)结果公告,,QZYCG2022-133,"医护康养虚拟仿真实训基地,虚拟仿真实训基地建设项目硬件设备",0.0,衢州职业技术学院,学校,"徐**-0570-8068411,蓝**-19957090305",,,上海昕触信息科技有限公司 ,"中标人     025-87163133 ,中标人     13601682377 ",2817558.0 0.0 0.0 0.0,2022-09-08,浙江,衢州,,,,https://www.zhiliaobiaoxun.com/content/359247939/b2,地址上海市闵行区联航路1588号（浦江镇481街坊6/2丘）1幢技术中心辅楼202室,12 次,175.57 万,8 家
关于衢州职业技术学院医护康养虚拟仿真实训基地1项目的中标(成交)结果公告,中标,中标结果,关于衢州职业技术学院医护康养虚拟仿真实训基地1项目的中标(成交)结果公告,,QZYCG2022-133,"医护康养虚拟仿真实训基地,虚拟仿真实训基地建设项目硬件设备",0.0,衢州职业技术学院,学校,"徐**-0570-8068411,蓝**-19957090305",,,上海建教智能科技有限公司 ,,2817558.0 0.0 0.0 0.0,2022-09-08,浙江,衢州,,,,https://www.zhiliaobiaoxun.com/content/359247939/b2,地址上海市杨浦区国通路127号16层（集中登记地）,3 次,4.62 万,2 家
浙江省国际技术设备招标有限公司关于温州医科大学附属第一医院模拟医学虚拟仿真系统的成交结果公告,中标,中标结果,浙江省国际技术设备招标有限公司关于温州医科大学附属第一医院模拟医学虚拟仿真系统的成交结果公告,,,模拟医学虚拟仿真系统,198000.0,温州医科大学附属第一医院,医院,林**-0577-55578153,浙江省国际技术设备招标有限公司,"马**-0571-85860232,林*-0571-85860240",上海华颐医疗器械有限公司 ,"中标人     13917236050 ,中标人     021-50583990 ,中标人     021-50853989 ,钟**     15867897121 ,中标人     13817026284 ",198000.0,2022-09-08,浙江,温州,,,,https://www.zhiliaobiaoxun.com/content/359230683/b2,地址浦东新区南汇新城镇环湖西二路888号,327 次,2.88 亿,136 家
金华市公共资源交易中心东阳分中心关于东阳市技术学校机电设备采购项目的中标(成交)结果公告,中标,中标结果,金华市公共资源交易中心东阳分中心关于东阳市技术学校机电设备采购项目的中标(成交)结果公告,,DYCG2022-A077,"电气自动化虚拟仿真系统,工业机器人技术应用实训平台,实训方凳,工业机器人技能考核实训台,实训室布线,机械CAD教育版软件,零部件展示柜,机电设备,数控加工仿真训练与智能化考核系统,零件测绘教师实训平台,双工位零件测绘实训平台,《基础零件》面向人人测绘套件,机床电气控制线路排故实训平台,《零部件拆装与测量》工具套装,工业40智能制造生产线实训台,自动编程系统,零部件测绘装置存放货架,移动智能多媒体实训系统,数控车床,电工技能与实验仿真教学软件",0.0,东阳市技术学校,学校,张*-0579-86389704,金华市公共资源交易中心东阳分中心,徐**-0579-86691535,杭州永荣实业有限公司 ,"中标人     15967122794 ,刘*     18268860705 ,中标人     0558-2665087 ,中标人     0571-56231896 ,中标人     17681033733 ",0.0 0.0 0.0 0.0 0.0 0.0 0.0 0.0 0.0 0.0 0.0 0.0,2022-09-08,浙江,金华,,,,https://www.zhiliaobiaoxun.com/content/359271257/b2,地址浙江省杭州市西湖区三墩镇古墩路660号4号楼309室,222 次,1.26 亿,81 家
金华市公共资源交易中心东阳分中心关于东阳市技术学校机电设备采购项目的中标(成交)结果公告,中标,中标结果,金华市公共资源交易中心东阳分中心关于东阳市技术学校机电设备采购项目的中标(成交)结果公告,,DYCG2022-A077,"电气自动化虚拟仿真系统,工业机器人技术应用实训平台,实训方凳,工业机器人技能考核实训台,实训室布线,机械CAD教育版软件,零部件展示柜,机电设备,数控加工仿真训练与智能化考核系统,零件测绘教师实训平台,双工位零件测绘实训平台,《基础零件》面向人人测绘套件,机床电气控制线路排故实训平台,《零部件拆装与测量》工具套装,工业40智能制造生产线实训台,自动编程系统,零部件测绘装置存放货架,移动智能多媒体实训系统,数控车床,电工技能与实验仿真教学软件",0.0,东阳市技术学校,学校,张*-0579-86389704,金华市公共资源交易中心东阳分中心,徐**-0579-86691535,金华市步云机电设备有限公司 ,"中标人     13867979698 ,中标人     0579-82341295 ,杜**     0579-82351468 ",0.0 0.0 0.0 0.0 0.0 0.0 0.0 0.0 0.0 0.0 0.0 0.0,2022-09-08,浙江,金华,,,,https://www.zhiliaobiaoxun.com/content/359271257/b2,地址浙江省金华市婺城区仙源路1029号（自主申报）,98 次,"7,653.29 万",27 家
金华市公共资源交易中心东阳分中心关于东阳市技术学校机电设备采购项目的中标(成交)结果公告,中标,中标结果,金华市公共资源交易中心东阳分中心关于东阳市技术学校机电设备采购项目的中标(成交)结果公告,,DYCG2022-A077,"电气自动化虚拟仿真系统,工业机器人技术应用实训平台,实训方凳,工业机器人技能考核实训台,实训室布线,机械CAD教育版软件,零部件展示柜,机电设备,数控加工仿真训练与智能化考核系统,零件测绘教师实训平台,双工位零件测绘实训平台,《基础零件》面向人人测绘套件,机床电气控制线路排故实训平台,《零部件拆装与测量》工具套装,工业40智能制造生产线实训台,自动编程系统,零部件测绘装置存放货架,移动智能多媒体实训系统,数控车床,电工技能与实验仿真教学软件",0.0,东阳市技术学校,学校,张*-0579-86389704,金华市公共资源交易中心东阳分中心,徐**-0579-86691535,杭州智存科技有限公司 ,,0.0 0.0 0.0 0.0 0.0 0.0 0.0 0.0 0.0 0.0 0.0 0.0,2022-09-08,浙江,金华,,,,https://www.zhiliaobiaoxun.com/content/359271257/b2,地址杭州市滨江区浦沿街道滨文路422号文耀大厦11楼1110室,24 次,747.11 万,7 家
金华市公共资源交易中心东阳分中心关于东阳市技术学校机电设备采购项目的中标(成交)结果公告,中标,中标结果,金华市公共资源交易中心东阳分中心关于东阳市技术学校机电设备采购项目的中标(成交)结果公告,,DYCG2022-A077,"电气自动化虚拟仿真系统,工业机器人技术应用实训平台,实训方凳,工业机器人技能考核实训台,实训室布线,机械CAD教育版软件,零部件展示柜,机电设备,数控加工仿真训练与智能化考核系统,零件测绘教师实训平台,双工位零件测绘实训平台,《基础零件》面向人人测绘套件,机床电气控制线路排故实训平台,《零部件拆装与测量》工具套装,工业40智能制造生产线实训台,自动编程系统,零部件测绘装置存放货架,移动智能多媒体实训系统,数控车床,电工技能与实验仿真教学软件",0.0,东阳市技术学校,学校,张*-0579-86389704,金华市公共资源交易中心东阳分中心,徐**-0579-86691535,杭州亚昆科技有限公司 ,,0.0 0.0 0.0 0.0 0.0 0.0 0.0 0.0 0.0 0.0 0.0 0.0,2022-09-08,浙江,金华,,,,https://www.zhiliaobiaoxun.com/content/359271257/b2,地址浙江省杭州市余杭区塘栖镇富塘路1号1幢2楼201-2室,8 次,151.78 万,6 家
金华市公共资源交易中心东阳分中心关于东阳市技术学校机电设备采购项目的中标(成交)结果公告,中标,中标结果,金华市公共资源交易中心东阳分中心关于东阳市技术学校机电设备采购项目的中标(成交)结果公告,,DYCG2022-A077,"电气自动化虚拟仿真系统,工业机器人技术应用实训平台,实训方凳,工业机器人技能考核实训台,实训室布线,机械CAD教育版软件,零部件展示柜,机电设备,数控加工仿真训练与智能化考核系统,零件测绘教师实训平台,双工位零件测绘实训平台,《基础零件》面向人人测绘套件,机床电气控制线路排故实训平台,《零部件拆装与测量》工具套装,工业40智能制造生产线实训台,自动编程系统,零部件测绘装置存放货架,移动智能多媒体实训系统,数控车床,电工技能与实验仿真教学软件",0.0,东阳市技术学校,学校,张*-0579-86389704,金华市公共资源交易中心东阳分中心,徐**-0579-86691535,南京梵创智能科技有限公司 ,中标人     13735861110 ,0.0 0.0 0.0 0.0 0.0 0.0 0.0 0.0 0.0 0.0 0.0 0.0,2022-09-08,浙江,金华,,,,https://www.zhiliaobiaoxun.com/content/359271257/b2,地址南京市江宁区秣陵街道秣周东路12号,26 次,"1,901.9 万",13 家
金华市公共资源交易中心东阳分中心关于东阳市技术学校机电设备采购项目的中标(成交)结果公告,中标,中标结果,金华市公共资源交易中心东阳分中心关于东阳市技术学校机电设备采购项目的中标(成交)结果公告,,DYCG2022-A077,"电气自动化虚拟仿真系统,工业机器人技术应用实训平台,实训方凳,工业机器人技能考核实训台,实训室布线,机械CAD教育版软件,零部件展示柜,机电设备,数控加工仿真训练与智能化考核系统,零件测绘教师实训平台,双工位零件测绘实训平台,《基础零件》面向人人测绘套件,机床电气控制线路排故实训平台,《零部件拆装与测量》工具套装,工业40智能制造生产线实训台,自动编程系统,零部件测绘装置存放货架,移动智能多媒体实训系统,数控车床,电工技能与实验仿真教学软件",0.0,东阳市技术学校,学校,张*-0579-86389704,金华市公共资源交易中心东阳分中心,徐**-0579-86691535,杭州智海合达科技有限公司 ,,0.0 0.0 0.0 0.0 0.0 0.0 0.0 0.0 0.0 0.0 0.0 0.0,2022-09-08,浙江,金华,,,,https://www.zhiliaobiaoxun.com/content/359271257/b2,地址浙江省杭州市余杭区余杭街道胜义路2号2幢404室,5 次,169.96 万,5 家
金华市公共资源交易中心东阳分中心关于东阳市技术学校机电设备采购项目的中标(成交)结果公告,中标,中标结果,金华市公共资源交易中心东阳分中心关于东阳市技术学校机电设备采购项目的中标(成交)结果公告,,DYCG2022-A077,"电气自动化虚拟仿真系统,工业机器人技术应用实训平台,实训方凳,工业机器人技能考核实训台,实训室布线,机械CAD教育版软件,零部件展示柜,机电设备,数控加工仿真训练与智能化考核系统,零件测绘教师实训平台,双工位零件测绘实训平台,《基础零件》面向人人测绘套件,机床电气控制线路排故实训平台,《零部件拆装与测量》工具套装,工业40智能制造生产线实训台,自动编程系统,零部件测绘装置存放货架,移动智能多媒体实训系统,数控车床,电工技能与实验仿真教学软件",0.0,东阳市技术学校,学校,张*-0579-86389704,金华市公共资源交易中心东阳分中心,徐**-0579-86691535,浙江新工科教育科技有限公司 ,"中标人     18069897089 ,中标人     15867194148 ",0.0 0.0 0.0 0.0 0.0 0.0 0.0 0.0 0.0 0.0 0.0 0.0,2022-09-08,浙江,金华,,,,https://www.zhiliaobiaoxun.com/content/359271257/b2,地址浙江省杭州市余杭区闲林街道嘉企路5号4号楼3楼,18 次,463.91 万,10 家
金华市公共资源交易中心东阳分中心关于东阳市技术学校机电设备采购项目的中标(成交)结果公告,中标,中标结果,金华市公共资源交易中心东阳分中心关于东阳市技术学校机电设备采购项目的中标(成交)结果公告,,DYCG2022-A077,"电气自动化虚拟仿真系统,工业机器人技术应用实训平台,实训方凳,工业机器人技能考核实训台,实训室布线,机械CAD教育版软件,零部件展示柜,机电设备,数控加工仿真训练与智能化考核系统,零件测绘教师实训平台,双工位零件测绘实训平台,《基础零件》面向人人测绘套件,机床电气控制线路排故实训平台,《零部件拆装与测量》工具套装,工业40智能制造生产线实训台,自动编程系统,零部件测绘装置存放货架,移动智能多媒体实训系统,数控车床,电工技能与实验仿真教学软件",0.0,东阳市技术学校,学校,张*-0579-86389704,金华市公共资源交易中心东阳分中心,徐**-0579-86691535,台州市永多机电设备有限公司 ,中标人     13857615848 ,0.0 0.0 0.0 0.0 0.0 0.0 0.0 0.0 0.0 0.0 0.0 0.0,2022-09-08,浙江,金华,,,,https://www.zhiliaobiaoxun.com/content/359271257/b2,地址浙江省台州市路桥区桐屿街道民主村三区108号,10 次,490.08 万,5 家
金华市公共资源交易中心东阳分中心关于东阳市技术学校机电设备采购项目的中标(成交)结果公告,中标,中标结果,金华市公共资源交易中心东阳分中心关于东阳市技术学校机电设备采购项目的中标(成交)结果公告,,DYCG2022-A077,"电气自动化虚拟仿真系统,工业机器人技术应用实训平台,实训方凳,工业机器人技能考核实训台,实训室布线,机械CAD教育版软件,零部件展示柜,机电设备,数控加工仿真训练与智能化考核系统,零件测绘教师实训平台,双工位零件测绘实训平台,《基础零件》面向人人测绘套件,机床电气控制线路排故实训平台,《零部件拆装与测量》工具套装,工业40智能制造生产线实训台,自动编程系统,零部件测绘装置存放货架,移动智能多媒体实训系统,数控车床,电工技能与实验仿真教学软件",0.0,东阳市技术学校,学校,张*-0579-86389704,金华市公共资源交易中心东阳分中心,徐**-0579-86691535,金华市远大机电设备有限公司 ,,0.0 0.0 0.0 0.0 0.0 0.0 0.0 0.0 0.0 0.0 0.0 0.0,2022-09-08,浙江,金华,,,,https://www.zhiliaobiaoxun.com/content/359271257/b2,地址浙江省金华市婺城区劳动路415号1幢1-08号,1 次,0.0 万,1 家
金华市公共资源交易中心东阳分中心关于东阳市技术学校机电设备采购项目的中标(成交)结果公告,中标,中标结果,金华市公共资源交易中心东阳分中心关于东阳市技术学校机电设备采购项目的中标(成交)结果公告,,DYCG2022-A077,"电气自动化虚拟仿真系统,工业机器人技术应用实训平台,实训方凳,工业机器人技能考核实训台,实训室布线,机械CAD教育版软件,零部件展示柜,机电设备,数控加工仿真训练与智能化考核系统,零件测绘教师实训平台,双工位零件测绘实训平台,《基础零件》面向人人测绘套件,机床电气控制线路排故实训平台,《零部件拆装与测量》工具套装,工业40智能制造生产线实训台,自动编程系统,零部件测绘装置存放货架,移动智能多媒体实训系统,数控车床,电工技能与实验仿真教学软件",0.0,东阳市技术学校,学校,张*-0579-86389704,金华市公共资源交易中心东阳分中心,徐**-0579-86691535,杭州汇育科技有限公司 ,中标人     15867194148 ,0.0 0.0 0.0 0.0 0.0 0.0 0.0 0.0 0.0 0.0 0.0 0.0,2022-09-08,浙江,金华,,,,https://www.zhiliaobiaoxun.com/content/359271257/b2,地址浙江省杭州市余杭区中泰街道绿泰路5号4幢704室,3 次,43.79 万,2 家
金华市公共资源交易中心东阳分中心关于东阳市技术学校机电设备采购项目的中标(成交)结果公告,中标,中标结果,金华市公共资源交易中心东阳分中心关于东阳市技术学校机电设备采购项目的中标(成交)结果公告,,DYCG2022-A077,"电气自动化虚拟仿真系统,工业机器人技术应用实训平台,实训方凳,工业机器人技能考核实训台,实训室布线,机械CAD教育版软件,零部件展示柜,机电设备,数控加工仿真训练与智能化考核系统,零件测绘教师实训平台,双工位零件测绘实训平台,《基础零件》面向人人测绘套件,机床电气控制线路排故实训平台,《零部件拆装与测量》工具套装,工业40智能制造生产线实训台,自动编程系统,零部件测绘装置存放货架,移动智能多媒体实训系统,数控车床,电工技能与实验仿真教学软件",0.0,东阳市技术学校,学校,张*-0579-86389704,金华市公共资源交易中心东阳分中心,徐**-0579-86691535,安徽光理智能科技有限公司 ,中标人     18605537271 ,0.0 0.0 0.0 0.0 0.0 0.0 0.0 0.0 0.0 0.0 0.0 0.0,2022-09-08,浙江,金华,,,,https://www.zhiliaobiaoxun.com/content/359271257/b2,地址安徽省芜湖市繁昌县繁昌经济开发区春谷3D打印产业园,6 次,293.6 万,4 家
金华市公共资源交易中心东阳分中心关于东阳市技术学校机电设备采购项目的中标(成交)结果公告,中标,中标结果,金华市公共资源交易中心东阳分中心关于东阳市技术学校机电设备采购项目的中标(成交)结果公告,,DYCG2022-A077,"电气自动化虚拟仿真系统,工业机器人技术应用实训平台,实训方凳,工业机器人技能考核实训台,实训室布线,机械CAD教育版软件,零部件展示柜,机电设备,数控加工仿真训练与智能化考核系统,零件测绘教师实训平台,双工位零件测绘实训平台,《基础零件》面向人人测绘套件,机床电气控制线路排故实训平台,《零部件拆装与测量》工具套装,工业40智能制造生产线实训台,自动编程系统,零部件测绘装置存放货架,移动智能多媒体实训系统,数控车床,电工技能与实验仿真教学软件",0.0,东阳市技术学校,学校,张*-0579-86389704,金华市公共资源交易中心东阳分中心,徐**-0579-86691535,杭州珞安智能科技有限公司 ,中标人     13819945556 ,0.0 0.0 0.0 0.0 0.0 0.0 0.0 0.0 0.0 0.0 0.0 0.0,2022-09-08,浙江,金华,,,,https://www.zhiliaobiaoxun.com/content/359271257/b2,地址浙江省杭州市余杭区良渚街道杭行金座4幢1110室,9 次,512.31 万,2 家
浙江方圆工程咨询有限公司关于三门技师学院智慧核电设备虚拟仿真实训设备项目的中标(成交)结果公告,中标,中标结果,浙江方圆工程咨询有限公司关于三门技师学院智慧核电设备虚拟仿真实训设备项目的中标(成交)结果公告,,三招采-2022-GK076,智慧核电设备虚拟仿真实训设备项目,0.0,台州市三门县三门技师学院,学校,罗*-13175866269,浙江方圆工程咨询有限公司,代理联系人-0576-83322830,宁波一宁教育科技有限公司 ,"中标人     13806668911 ,中标人     0574-65575177 ,中标人     13484243153 ",2170000.0 0.0 0.0,2022-09-07,浙江,台州,,,,https://www.zhiliaobiaoxun.com/content/358862452/b2,地址宁海县跃龙街道兴宁南路628号,56 次,"3,685.56 万",18 家
浙江方圆工程咨询有限公司关于三门技师学院智慧核电设备虚拟仿真实训设备项目的中标(成交)结果公告,中标,中标结果,浙江方圆工程咨询有限公司关于三门技师学院智慧核电设备虚拟仿真实训设备项目的中标(成交)结果公告,,三招采-2022-GK076,智慧核电设备虚拟仿真实训设备项目,0.0,台州市三门县三门技师学院,学校,罗*-13175866269,浙江方圆工程咨询有限公司,代理联系人-0576-83322830,台州电耀教育科技有限公司 ,,2170000.0 0.0 0.0,2022-09-07,浙江,台州,,,,https://www.zhiliaobiaoxun.com/content/358862452/b2,地址浙江省台州市三门县海游街道城东新村252号（自主申报）,1 次,0.0 万,1 家
浙江方圆工程咨询有限公司关于三门技师学院智慧核电设备虚拟仿真实训设备项目的中标(成交)结果公告,中标,中标结果,浙江方圆工程咨询有限公司关于三门技师学院智慧核电设备虚拟仿真实训设备项目的中标(成交)结果公告,,三招采-2022-GK076,智慧核电设备虚拟仿真实训设备项目,0.0,台州市三门县三门技师学院,学校,罗*-13175866269,浙江方圆工程咨询有限公司,代理联系人-0576-83322830,宁波奉化谦和教育科技有限公司 ,,2170000.0 0.0 0.0,2022-09-07,浙江,台州,,,,https://www.zhiliaobiaoxun.com/content/358862452/b2,地址浙江省宁波市奉化区锦屏街道惠政西路25-2号（自主申报）,2 次,0.0 万,1 家
衢州学院关于实验安全教育及氟硅钴产业动画演示虚拟仿真项目的中标(成交)结果公告,中标,中标结果,衢州学院关于实验安全教育及氟硅钴产业动画演示虚拟仿真项目的中标(成交)结果公告,,衢院招2022-40,"氟硅钴产业动画演示虚拟仿真项目,实验室安全虚拟现实3D培训考试系统,实验安全教育,实验室安全VR系统,HSE双重预防体系",0.0,衢州学院,学校,"周**-18957039862,翁**-0570-8015042",,,北京东方仿真软件技术有限公司 ,"中标人     010-64951832 ,中标人     010-64927579 ,中标人     13811275271 ,中标人     010-64971664 ,中标人     15500003827 ",0.0 790000.0 0.0 0.0 0.0,2022-09-07,浙江,衢州,,,,https://www.zhiliaobiaoxun.com/content/359008485/b2,地址北京市朝阳区小关东里10号院9号楼7层701,648 次,4.89 亿,282 家
衢州学院关于实验安全教育及氟硅钴产业动画演示虚拟仿真项目的中标(成交)结果公告,中标,中标结果,衢州学院关于实验安全教育及氟硅钴产业动画演示虚拟仿真项目的中标(成交)结果公告,,衢院招2022-40,"氟硅钴产业动画演示虚拟仿真项目,实验室安全虚拟现实3D培训考试系统,实验安全教育,实验室安全VR系统,HSE双重预防体系",0.0,衢州学院,学校,"周**-18957039862,翁**-0570-8015042",,,杭州百子尖科技股份有限公司 ,"中标人     13732296098 ,中标人     15257188384 ,葛*     15068877863 ",0.0 790000.0 0.0 0.0 0.0,2022-09-07,浙江,衢州,,,,https://www.zhiliaobiaoxun.com/content/359008485/b2,地址浙江省杭州市余杭区余杭街道文一西路1818-2号11幢902室,25 次,"2,545.44 万",15 家
衢州学院关于实验安全教育及氟硅钴产业动画演示虚拟仿真项目的中标(成交)结果公告,中标,中标结果,衢州学院关于实验安全教育及氟硅钴产业动画演示虚拟仿真项目的中标(成交)结果公告,,衢院招2022-40,"氟硅钴产业动画演示虚拟仿真项目,实验室安全虚拟现实3D培训考试系统,实验安全教育,实验室安全VR系统,HSE双重预防体系",0.0,衢州学院,学校,"周**-18957039862,翁**-0570-8015042",,,厦门熙宝源化工技术有限公司 ,"李*     18821812277 ,陈**     15160046003 ",0.0 790000.0 0.0 0.0 0.0,2022-09-07,浙江,衢州,,,,https://www.zhiliaobiaoxun.com/content/359008485/b2,地址厦门市思明区演武西路180-188号世茂海峡大厦B座32层3205-01,13 次,637.35 万,9 家
衢州学院关于实验安全教育及氟硅钴产业动画演示虚拟仿真项目的中标(成交)结果公告,中标,中标结果,衢州学院关于实验安全教育及氟硅钴产业动画演示虚拟仿真项目的中标(成交)结果公告,,衢院招2022-40,"氟硅钴产业动画演示虚拟仿真项目,实验室安全虚拟现实3D培训考试系统,实验安全教育,实验室安全VR系统,HSE双重预防体系",0.0,衢州学院,学校,"周**-18957039862,翁**-0570-8015042",,,星逻人工智能技术（上海）有限公司 ,,0.0 790000.0 0.0 0.0 0.0,2022-09-07,浙江,衢州,,,,https://www.zhiliaobiaoxun.com/content/359008485/b2,地址中国（上海）自由贸易试验区临港新片区海洋一路333号1号楼、2号楼,7 次,496.21 万,5 家
衢州学院关于实验安全教育及氟硅钴产业动画演示虚拟仿真项目的中标(成交)结果公告,中标,中标结果,衢州学院关于实验安全教育及氟硅钴产业动画演示虚拟仿真项目的中标(成交)结果公告,,衢院招2022-40,"氟硅钴产业动画演示虚拟仿真项目,实验室安全虚拟现实3D培训考试系统,实验安全教育,实验室安全VR系统,HSE双重预防体系",0.0,衢州学院,学校,"周**-18957039862,翁**-0570-8015042",,,杭州昌邦科技有限公司 ,,0.0 790000.0 0.0 0.0 0.0,2022-09-07,浙江,衢州,,,,https://www.zhiliaobiaoxun.com/content/359008485/b2,地址浙江省杭州市钱塘新区新元金沙城1幢3单元808室,1 次,0.0 万,1 家
杭州科技职业技术学院工业智能控制与运维中心的合同公告,中标,合同,杭州科技职业技术学院工业智能控制与运维中心的合同公告,,ZJWSBJ-HKZ-2022029G,"PLC实训设备虚拟仿真模块,工业智能控制与运维中心,PLC控制综合实训平台",798000.0,杭州科技职业技术学院,学校,采购人-0571-28287602,浙江五石中正工程咨询有限公司,,浙江力控科技有限公司 ,"中标人     13588159978 ,中标人     18042039017 ,康*     18069831716 ",798000.0,2022-09-06,浙江,杭州,,,,https://www.zhiliaobiaoxun.com/content/358548073/b2,地址浙江省湖州市安吉县天子湖镇现代工业园兴业路918号,49 次,"3,050.52 万",25 家
宁波第二技师学院国家级示范性虚拟仿真基地管理及资源共享平台采购与安装项目（第二次）的中标(成交)结果公告,中标,中标结果,宁波第二技师学院国家级示范性虚拟仿真基地管理及资源共享平台采购与安装项目（第二次）的中标(成交)结果公告,,CBNB-20223237G磋（第二次）,虚拟仿真基地管理及资源共享平台采购与安装项目,0.0,宁波第二技师学院,学校,杜**-0574-87459959,宁波中基国际招标有限公司,陈*-0574-87425512,上海曼恒数字技术股份有限公司 ,"中标人     13360059271 ,中标人     15041193690 ,中标人     18225602075 ,中标人     17621440601 ,中标人     021-31266999 ",0.0 899500.0 0.0 0.0 0.0,2022-09-02,浙江,宁波,,,,https://www.zhiliaobiaoxun.com/content/357759532/b2,地址上海市松江区顺庆路500号2幢809室-6,432 次,5.14 亿,214 家
宁波第二技师学院国家级示范性虚拟仿真基地管理及资源共享平台采购与安装项目（第二次）的中标(成交)结果公告,中标,中标结果,宁波第二技师学院国家级示范性虚拟仿真基地管理及资源共享平台采购与安装项目（第二次）的中标(成交)结果公告,,CBNB-20223237G磋（第二次）,虚拟仿真基地管理及资源共享平台采购与安装项目,0.0,宁波第二技师学院,学校,杜**-0574-87459959,宁波中基国际招标有限公司,陈*-0574-87425512,厦门凤凰创壹软件有限公司 ,"中标人     18850181570 ,中标人     15605558805 ,中标人     15679210505 ,中标人     15396258728 ,中标人     13779952446 ",0.0 899500.0 0.0 0.0 0.0,2022-09-02,浙江,宁波,,,,https://www.zhiliaobiaoxun.com/content/357759532/b2,地址厦门市软件园二期观日路26号508单元,202 次,1.92 亿,122 家
宁波第二技师学院国家级示范性虚拟仿真基地管理及资源共享平台采购与安装项目（第二次）的中标(成交)结果公告,中标,中标结果,宁波第二技师学院国家级示范性虚拟仿真基地管理及资源共享平台采购与安装项目（第二次）的中标(成交)结果公告,,CBNB-20223237G磋（第二次）,虚拟仿真基地管理及资源共享平台采购与安装项目,0.0,宁波第二技师学院,学校,杜**-0574-87459959,宁波中基国际招标有限公司,陈*-0574-87425512,宁波新远方美承数码科技有限公司 ,"中标人     13081915300 ,庄**     0574-87025552 ",0.0 899500.0 0.0 0.0 0.0,2022-09-02,浙江,宁波,,,,https://www.zhiliaobiaoxun.com/content/357759532/b2,地址浙江省宁波市海曙区药行街88号天一数码广场2-A247,"1,795 次","6,243.02 万",559 家
宁波第二技师学院国家级示范性虚拟仿真基地管理及资源共享平台采购与安装项目（第二次）的中标(成交)结果公告,中标,中标结果,宁波第二技师学院国家级示范性虚拟仿真基地管理及资源共享平台采购与安装项目（第二次）的中标(成交)结果公告,,CBNB-20223237G磋（第二次）,虚拟仿真基地管理及资源共享平台采购与安装项目,0.0,宁波第二技师学院,学校,杜**-0574-87459959,宁波中基国际招标有限公司,陈*-0574-87425512,宁波甬隆电子科技有限公司 ,,0.0 899500.0 0.0 0.0 0.0,2022-09-02,浙江,宁波,,,,https://www.zhiliaobiaoxun.com/content/357759532/b2,地址浙江省宁波市海曙区药行街31号（15-8）室,277 次,15.81 亿,103 家
宁波第二技师学院国家级示范性虚拟仿真基地管理及资源共享平台采购与安装项目（第二次）的中标(成交)结果公告,中标,中标结果,宁波第二技师学院国家级示范性虚拟仿真基地管理及资源共享平台采购与安装项目（第二次）的中标(成交)结果公告,,CBNB-20223237G磋（第二次）,虚拟仿真基地管理及资源共享平台采购与安装项目,0.0,宁波第二技师学院,学校,杜**-0574-87459959,宁波中基国际招标有限公司,陈*-0574-87425512,大雁教育科技（杭州）有限公司 ,,0.0 899500.0 0.0 0.0 0.0,2022-09-02,浙江,宁波,,,,https://www.zhiliaobiaoxun.com/content/357759532/b2,地址浙江省杭州市滨江区西兴街道聚工路11号5幢9层904室,4 次,5.98 万,3 家
浙江旅游职业学院现代旅游虚拟仿真实训中心（二期）装修改造工程项目的合同,中标,合同,浙江旅游职业学院现代旅游虚拟仿真实训中心（二期）装修改造工程项目的合同,,,装修改造工程项目,0.0,浙江旅游职业学院,学校,,,,杭州装潢工程有限公司 ,"中标人     13989811878 ,陈*     0571-87634905 ,中标人     0571-85092665 ",0.0,2022-09-02,浙江,,,,,https://www.zhiliaobiaoxun.com/content/357757623/b2,地址浙江省杭州市上城区鸿泰路133号天空之翼商务中心1幢606室,205 次,1.40 亿,85 家
浙江旅游职业学院现代旅游虚拟仿真实训中心（二期）装修改造工程项目的合同公告,中标,合同,浙江旅游职业学院现代旅游虚拟仿真实训中心（二期）装修改造工程项目的合同公告,,0625-22217A10,装修改造工程项目,445800.0,浙江旅游职业学院,学校,邵**-0571-82838178,浙江省国际技术设备招标有限公司,,杭州装潢工程有限公司 ,"中标人     13989811878 ,陈*     0571-87634905 ,中标人     0571-85092665 ",445800.0,2022-09-02,浙江,杭州,,,,https://www.zhiliaobiaoxun.com/content/357728959/b2,地址浙江省杭州市上城区鸿泰路133号天空之翼商务中心1幢606室,205 次,1.40 亿,85 家
东阳市鑫盛工程咨询有限公司关于浙江广厦建设职业技术大学环艺数字化 虚拟仿真综合实训基地、包装印媒综合实训室、家具设计实训室、宣传设备、绿色校园创建能耗管理系统建设采购项目的中标结果公告,中标,中标结果,东阳市鑫盛工程咨询有限公司关于浙江广厦建设职业技术大学环艺数字化 虚拟仿真综合实训基地、包装印媒综合实训室、家具设计实训室、宣传设备、绿色校园创建能耗管理系统建设采购项目的中标结果公告,,XSGYCG2022-2 06,"数字化虚拟仿真综合实训基地,PC机,LED大屏幕,打印复印扫描一体机,全画幅单反数码相机,宣传设备,摄象机,肩扛摄录一体机,全画幅微单相机,能耗监测平台软件,漏水探测器,可移动电视,三脚架,调音台,数据库服务器,笔记本电脑,虚拟现实设计软件,法兰水表组成安装,包装印媒综合实训室,家具设计实训室,高清标准镜头,绿色校园创建能耗管理系统建设,虚拟现实交互头盔,3D全息互动投影仪,用电监控系统软件,变电所监测管理系统软件,给水管网监测系统软件,给水管网测漏系统软件,三维地下管网系统软件,校园管网探测",0.0,浙江广厦建设职业技术大学,学校,"陈**-13777522690,张**-18602709449,张**-13454998275,钱**-13758958619",东阳市鑫盛工程咨询有限公司,王**-0579-86018280,常州常工电子科技股份有限公司 ,"中标人     18206118278 ,中标人     18872262343 ,中标人     18796217390 ,倪**     13365690966 ,中标人     0519-88222190 ",1275300.0 985000.0 346251.0,2022-09-02,浙江,金华,,,,https://www.zhiliaobiaoxun.com/content/357797242/b2,地址常州市新北区新科路9号,585 次,73.84 亿,259 家
东阳市鑫盛工程咨询有限公司关于浙江广厦建设职业技术大学环艺数字化 虚拟仿真综合实训基地、包装印媒综合实训室、家具设计实训室、宣传设备、绿色校园创建能耗管理系统建设采购项目的中标结果公告,中标,中标结果,东阳市鑫盛工程咨询有限公司关于浙江广厦建设职业技术大学环艺数字化 虚拟仿真综合实训基地、包装印媒综合实训室、家具设计实训室、宣传设备、绿色校园创建能耗管理系统建设采购项目的中标结果公告,,XSGYCG2022-2 06,"数字化虚拟仿真综合实训基地,PC机,LED大屏幕,打印复印扫描一体机,全画幅单反数码相机,宣传设备,摄象机,肩扛摄录一体机,全画幅微单相机,能耗监测平台软件,漏水探测器,可移动电视,三脚架,调音台,数据库服务器,笔记本电脑,虚拟现实设计软件,法兰水表组成安装,包装印媒综合实训室,家具设计实训室,高清标准镜头,绿色校园创建能耗管理系统建设,虚拟现实交互头盔,3D全息互动投影仪,用电监控系统软件,变电所监测管理系统软件,给水管网监测系统软件,给水管网测漏系统软件,三维地下管网系统软件,校园管网探测",0.0,浙江广厦建设职业技术大学,学校,"陈**-13777522690,张**-18602709449,张**-13454998275,钱**-13758958619",东阳市鑫盛工程咨询有限公司,王**-0579-86018280,杭州科锐创新科技有限公司 ,"中标人     0571-89938430 ,黄**     13116717920 ",1275300.0 985000.0 346251.0,2022-09-02,浙江,金华,,,,https://www.zhiliaobiaoxun.com/content/357797242/b2,地址浙江省杭州市西湖区文三路553号浙江中小企业大厦1318室,93 次,817.87 万,54 家
东阳市鑫盛工程咨询有限公司关于浙江广厦建设职业技术大学环艺数字化 虚拟仿真综合实训基地、包装印媒综合实训室、家具设计实训室、宣传设备、绿色校园创建能耗管理系统建设采购项目的中标结果公告,中标,中标结果,东阳市鑫盛工程咨询有限公司关于浙江广厦建设职业技术大学环艺数字化 虚拟仿真综合实训基地、包装印媒综合实训室、家具设计实训室、宣传设备、绿色校园创建能耗管理系统建设采购项目的中标结果公告,,XSGYCG2022-2 06,"数字化虚拟仿真综合实训基地,PC机,LED大屏幕,打印复印扫描一体机,全画幅单反数码相机,宣传设备,摄象机,肩扛摄录一体机,全画幅微单相机,能耗监测平台软件,漏水探测器,可移动电视,三脚架,调音台,数据库服务器,笔记本电脑,虚拟现实设计软件,法兰水表组成安装,包装印媒综合实训室,家具设计实训室,高清标准镜头,绿色校园创建能耗管理系统建设,虚拟现实交互头盔,3D全息互动投影仪,用电监控系统软件,变电所监测管理系统软件,给水管网监测系统软件,给水管网测漏系统软件,三维地下管网系统软件,校园管网探测",0.0,浙江广厦建设职业技术大学,学校,"陈**-13777522690,张**-18602709449,张**-13454998275,钱**-13758958619",东阳市鑫盛工程咨询有限公司,王**-0579-86018280,杭州佳文信息科技有限公司 ,,1275300.0 985000.0 346251.0,2022-09-02,浙江,金华,,,,https://www.zhiliaobiaoxun.com/content/357797242/b2,地址浙江省杭州市萧山区衙前镇螺东路78号鸿泰电商产业园287,1 次,0.0 万,1 家
浙江财经大学网上办事大厅和网络安全等级保护测评服务的合同公告,中标,合同,浙江财经大学网上办事大厅和网络安全等级保护测评服务的合同公告,,ZJJY-20220517-01,"虚拟仿真平台等级保护评测,教学科研系统,校务管理系统,招生就业系统,门户网站群系统,综合服务系统,网上办事大厅和网络安全等级保护测评服务",150000.0,浙江财经大学,学校,鲍**-0571-86732900,浙江建友工程咨询有限公司,,杭州中尔网络科技有限公司 ,"中标人     13958029518 ,中标人     0571-86123763 ,中标人     13656643150 ",150000.0,2022-09-02,浙江,杭州,,,,https://www.zhiliaobiaoxun.com/content/357783187/b2,地址浙江省杭州市余杭区五常街道溪沁街258号2幢501、502、503室,58 次,488.95 万,32 家
智能装备虚拟仿真实训室服务器项目（一）成交公告,中标,中标结果,智能装备虚拟仿真实训室服务器项目（一）成交公告,,62022081992126338,智能装备虚拟仿真实训室服务器项目,318500.0,杭州职业技术学院,学校,雷**-0571-56700121,,,杭州杭联电脑有限公司 ,,318500.0,2022-08-31,浙江,杭州,,,,https://www.zhiliaobiaoxun.com/content/356918342/b2,地址浙江省杭州市西湖区西溪街道上宁巷1号8幢一层109室,96 次,"1,346.26 万",28 家
虚拟仿真实验教学项目的合同,中标,合同,虚拟仿真实验教学项目的合同,,,虚拟仿真实验教学项目,0.0,浙江外国语学院,学校,,,,杭州逢坪教育科技有限公司 ,中标人     13625716851 ,0.0,2022-08-30,浙江,,,,,https://www.zhiliaobiaoxun.com/content/356744949/b2,地址浙江省杭州市临平区星桥街道星桥北路177号7幢338室,23 次,577.57 万,5 家
虚拟仿真实验教学项目的合同公告,中标,合同,虚拟仿真实验教学项目的合同公告,,QSZB-Z（H）-B22271（GK）,"虚拟仿真实验教学项目,宋代瓷器古法烧制及其诗词文化衍生虚拟仿真实验",159400.0,浙江外国语学院,学校,吴**-0571-88213026,浙江求是招标代理有限公司,,杭州逢坪教育科技有限公司 ,中标人     13625716851 ,159400.0,2022-08-30,浙江,杭州,,,,https://www.zhiliaobiaoxun.com/content/356600858/b2,地址浙江省杭州市临平区星桥街道星桥北路177号7幢338室,23 次,577.57 万,5 家
虚拟仿真实验教学（第二批）项目的合同公告,中标,合同,虚拟仿真实验教学（第二批）项目的合同公告,,QSZB-Z（H）-B22272（GK）,"虚拟仿真实验教学第二批项目,文化冲突与应急处置虚拟仿真实验",87000.0,浙江外国语学院,学校,吴**-0571-88213026,浙江求是招标代理有限公司,,南京斯维尔信息科技有限公司 ,"中标人     15651038693 ,中标人     025-87150860 ",87000.0,2022-08-30,浙江,杭州,,,,https://www.zhiliaobiaoxun.com/content/356600869/b2,地址南京市雨花经济开发区凤华路18号2幢（阿尔法楼）C304室,20 次,232.8 万,9 家
虚拟仿真实验教学（第二批）项目的合同公告,中标,合同,虚拟仿真实验教学（第二批）项目的合同公告,,QSZB-Z（H）-B22272（GK）,"虚拟仿真实验教学第二批项目,国际组织与全球治理人才虚拟仿真实验",105000.0,浙江外国语学院,学校,吴**-0571-88213026,浙江求是招标代理有限公司,,南京卓尚智能科技有限公司 ,"中标人     15380769700 ,中标人     15961193128 ",105000.0,2022-08-30,浙江,杭州,,,,https://www.zhiliaobiaoxun.com/content/356600872/b2,地址南京市江宁区秣周东路12号9栋1701,33 次,278.15 万,15 家
大数据智能财务虚拟仿真平台（第三次）的合同公告,中标,合同,大数据智能财务虚拟仿真平台（第三次）的合同公告,,中磊-zjzl-JX（2022）第3-2号,大数据智能财务虚拟仿真平台,496000.0,嘉兴学院,学校,许**-0573-83647304,浙江中磊工程咨询有限公司,,沈阳跃客教育科技有限公司 ,"中标人     18842572797 ,中标人     15524391117 ",496000.0,2022-08-30,浙江,嘉兴,,,,https://www.zhiliaobiaoxun.com/content/356549509/b2,地址辽宁省沈阳市辽宁省沈阳市浑南区上深沟村861-3号（1103），E03座1109,26 次,594.07 万,13 家
关于虚拟仿真实训基地建设监理采购项目中标公告,中标,中标结果,关于虚拟仿真实训基地建设监理采购项目中标公告,,,虚拟仿真实训基地建设监理,89380.0,浙江国际海运职业技术学院,学校,,校招标投标办公室,葛**-0580-2095055,浙江天信咨询监理有限公司 ,"中标人     15158109789 ,中标人     0571-85130501 ,中标人     13306536367 ,中标人     13777871622 ,中标人     0571-85151303 ",89380.0,2022-08-30,浙江,,,,,https://www.zhiliaobiaoxun.com/content/356691173/b2,地址浙江省杭州环城西路33号,348 次,1.22 亿,151 家
关于浙江国际海运职业技术学院虚拟仿真实训基地建设项目的中标(成交)结果公告,中标,中标结果,关于浙江国际海运职业技术学院虚拟仿真实训基地建设项目的中标(成交)结果公告,,SZGXZS2022089,虚拟仿真实训基地建设项目,0.0,浙江国际海运职业技术学院,学校,葛**-0580-2095055,深圳市国信招标有限公司,"任**-13567673203,代理联系人-13857236444",深圳市方直科技股份有限公司 ,"中标人     0755-86336966 ,中标人     0755-86336977 ",0.0 5686800.0 0.0 0.0,2022-08-30,浙江,舟山,,,,https://www.zhiliaobiaoxun.com/content/356724210/b2,地址深圳市南山区南头街道马家龙社区大新路198号创新大厦B栋901,17 次,701.06 万,13 家
关于浙江国际海运职业技术学院虚拟仿真实训基地建设项目的中标(成交)结果公告,中标,中标结果,关于浙江国际海运职业技术学院虚拟仿真实训基地建设项目的中标(成交)结果公告,,SZGXZS2022089,虚拟仿真实训基地建设项目,0.0,浙江国际海运职业技术学院,学校,葛**-0580-2095055,深圳市国信招标有限公司,"任**-13567673203,代理联系人-13857236444",北京中匠云智能科技有限公司 ,"中标人     18649162227 ,张*     010-62052546 ,中标人     17310011206 ,中标人     13718887591 ",0.0 5686800.0 0.0 0.0,2022-08-30,浙江,舟山,,,,https://www.zhiliaobiaoxun.com/content/356724210/b2,地址北京市海淀区花园北路35号院五层517,20 次,"3,621.31 万",12 家
关于浙江国际海运职业技术学院虚拟仿真实训基地建设项目的中标(成交)结果公告,中标,中标结果,关于浙江国际海运职业技术学院虚拟仿真实训基地建设项目的中标(成交)结果公告,,SZGXZS2022089,虚拟仿真实训基地建设项目,0.0,浙江国际海运职业技术学院,学校,葛**-0580-2095055,深圳市国信招标有限公司,"任**-13567673203,代理联系人-13857236444",深圳国腾安职业教育科技有限公司 ,"梁*     13526427791 ,中标人     0755-88010019 ,中标人     13406065241 ,中标人     13359518521 ",0.0 5686800.0 0.0 0.0,2022-08-30,浙江,舟山,,,,https://www.zhiliaobiaoxun.com/content/356724210/b2,地址深圳市前海深港合作区前湾一路1号A栋201室（入驻深圳市前海商务秘书有限公司）,19 次,"2,440.19 万",13 家
关于浙江国际海运职业技术学院虚拟仿真实训基地建设项目的中标(成交)结果公告,中标,中标结果,关于浙江国际海运职业技术学院虚拟仿真实训基地建设项目的中标(成交)结果公告,,SZGXZS2022089,虚拟仿真实训基地建设项目,0.0,浙江国际海运职业技术学院,学校,葛**-0580-2095055,深圳市国信招标有限公司,"任**-13567673203,代理联系人-13857236444",北京云圈科技有限公司 ,中标人     18611141505 ,0.0 5686800.0 0.0 0.0,2022-08-30,浙江,舟山,,,,https://www.zhiliaobiaoxun.com/content/356724210/b2,地址北京市海淀区阜石路甲69号院3号楼5层520,2 次,85.1 万,2 家
虚拟仿真实验教学（第二批）项目的合同公告,中标,合同,虚拟仿真实验教学（第二批）项目的合同公告,,QSZB-Z（H）-B22272（GK）,"虚拟仿真实验教学系统,虚拟仿真实验教学第二批项目",85000.0,浙江外国语学院,学校,吴**-0571-88213026,浙江求是招标代理有限公司,,南京斯维尔信息科技有限公司 ,"中标人     15651038693 ,中标人     025-87150860 ",85000.0,2022-08-30,浙江,杭州,,,,https://www.zhiliaobiaoxun.com/content/356600870/b2,地址南京市雨花经济开发区凤华路18号2幢（阿尔法楼）C304室,20 次,232.8 万,9 家
绍兴文理学院生命科学学院虚拟仿真教学实训建设项目的合同公告,中标,合同,绍兴文理学院生命科学学院虚拟仿真教学实训建设项目的合同公告,,YH2022-07067,"虚拟仿真教学实训建设项目,土壤污染修复",1119000.0,绍兴文理学院,学校,采购人-0575-88342889,耀华建设管理有限公司,,北京欧倍尔软件技术开发有限公司 ,"中标人     010-82830966 ,中标人     13718217218 ,中标人     15662765531 ,王*     15972977819 ,吴**     18306407899 ",1119000.0,2022-08-30,浙江,绍兴,,,,https://www.zhiliaobiaoxun.com/content/356703191/b2,地址北京市海淀区清河永泰园甲1号综合楼5层516号,791 次,25.32 亿,345 家
绍兴文理学院生命科学学院虚拟仿真教学实训建设项目的合同公告,中标,合同,绍兴文理学院生命科学学院虚拟仿真教学实训建设项目的合同公告,,YH2022-07067,"虚拟仿真教学实训建设项目,野外实习",1150000.0,绍兴文理学院,学校,采购人-0575-88342889,耀华建设管理有限公司,,北京润尼尔网络科技有限公司 ,"中标人     010-56298288 ,中标人     18043692723 ,中标人     15051885671 ,中标人     18280205779 ,中标人     13261231198 ",1150000.0,2022-08-30,浙江,绍兴,,,,https://www.zhiliaobiaoxun.com/content/356703208/b2,地址北京市石景山区实兴大街30号院3号楼2层A-1859房间（集群注册）,"1,580 次",7.73 亿,555 家
浙江求是招标代理有限公司关于电工电子虚拟仿真实验室系统更新的中标(成交)结果公告,中标,中标结果,浙江求是招标代理有限公司关于电工电子虚拟仿真实验室系统更新的中标(成交)结果公告,,QSZB-Z（F）-C22247（GK）,电工电子虚拟仿真实验室系统更新,0.0,浙江开放大学,学校,孙**-0571-88052557,浙江求是招标代理有限公司,李*-0571-87666115,北京润尼尔网络科技有限公司 ,"中标人     010-56298288 ,中标人     18043692723 ,中标人     15051885671 ,中标人     18280205779 ,中标人     13261231198 ",119000.0 0.0 0.0,2022-08-30,浙江,杭州,,,,https://www.zhiliaobiaoxun.com/content/356703204/b2,地址北京市石景山区实兴大街30号院3号楼2层A-1859房间（集群注册）,"1,580 次",7.73 亿,555 家
浙江求是招标代理有限公司关于电工电子虚拟仿真实验室系统更新的中标(成交)结果公告,中标,中标结果,浙江求是招标代理有限公司关于电工电子虚拟仿真实验室系统更新的中标(成交)结果公告,,QSZB-Z（F）-C22247（GK）,电工电子虚拟仿真实验室系统更新,0.0,浙江开放大学,学校,孙**-0571-88052557,浙江求是招标代理有限公司,李*-0571-87666115,北京宏远长丰科技有限公司 ,朱**     15034300982 ,119000.0 0.0 0.0,2022-08-30,浙江,杭州,,,,https://www.zhiliaobiaoxun.com/content/356703204/b2,地址北京市北京经济技术开发区科创五街38号院3号楼6层625A,23 次,336.89 万,13 家
浙江求是招标代理有限公司关于电工电子虚拟仿真实验室系统更新的中标(成交)结果公告,中标,中标结果,浙江求是招标代理有限公司关于电工电子虚拟仿真实验室系统更新的中标(成交)结果公告,,QSZB-Z（F）-C22247（GK）,电工电子虚拟仿真实验室系统更新,0.0,浙江开放大学,学校,孙**-0571-88052557,浙江求是招标代理有限公司,李*-0571-87666115,北京一众延泰科技有限公司 ,谢**     0591-83463059 ,119000.0 0.0 0.0,2022-08-30,浙江,杭州,,,,https://www.zhiliaobiaoxun.com/content/356703204/b2,地址北京市怀柔区渤海镇怀沙路536号,22 次,145.74 万,10 家
东阳市鑫盛工程咨询有限公司关于浙江广厦建设职业技术大学国家电子商务虚拟仿真实验教学中心广厦大学分中心的中标结果公告,中标,中标结果,东阳市鑫盛工程咨询有限公司关于浙江广厦建设职业技术大学国家电子商务虚拟仿真实验教学中心广厦大学分中心的中标结果公告,,XSGYCG2022-2 10,"电子商务虚拟仿真实验教学中心广厦大学分中心,打磨平台,海外智能营销实训云软件系统,跨境电商营销与运行决策模拟沙盘系统,创新创业项目打造平台,数字营销技术技能服务平台,商务大数据智能实训平台,创新创业教学实训平台",0.0,浙江广厦建设职业技术大学,学校,,东阳市鑫盛工程咨询有限公司,胡**-0579-86633123,杭州贝腾科技有限公司 ,"中标人     0571-56778838 ,中标人     15257122469 ,弓**     0571-88197889 ,刘*     18742415161 ,中标人     18163634296 ",529100.0 496800.0 730000.0 200000.0,2022-08-30,浙江,金华,,,,https://www.zhiliaobiaoxun.com/content/356711839/b2,地址拱墅区祥园路88号3幢1001室,347 次,10.72 亿,214 家
东阳市鑫盛工程咨询有限公司关于浙江广厦建设职业技术大学国家电子商务虚拟仿真实验教学中心广厦大学分中心的中标结果公告,中标,中标结果,东阳市鑫盛工程咨询有限公司关于浙江广厦建设职业技术大学国家电子商务虚拟仿真实验教学中心广厦大学分中心的中标结果公告,,XSGYCG2022-2 10,"电子商务虚拟仿真实验教学中心广厦大学分中心,打磨平台,海外智能营销实训云软件系统,跨境电商营销与运行决策模拟沙盘系统,创新创业项目打造平台,数字营销技术技能服务平台,商务大数据智能实训平台,创新创业教学实训平台",0.0,浙江广厦建设职业技术大学,学校,,东阳市鑫盛工程咨询有限公司,胡**-0579-86633123,宁波君瀚电子科技有限公司 ,中标人     0574-87627795 ,529100.0 496800.0 730000.0 200000.0,2022-08-30,浙江,金华,,,,https://www.zhiliaobiaoxun.com/content/356711839/b2,地址浙江省宁波市海曙区机场路1000号2号楼102室,173 次,"4,712.74 万",57 家
东阳市鑫盛工程咨询有限公司关于浙江广厦建设职业技术大学国家电子商务虚拟仿真实验教学中心广厦大学分中心的中标结果公告,中标,中标结果,东阳市鑫盛工程咨询有限公司关于浙江广厦建设职业技术大学国家电子商务虚拟仿真实验教学中心广厦大学分中心的中标结果公告,,XSGYCG2022-2 10,"电子商务虚拟仿真实验教学中心广厦大学分中心,打磨平台,海外智能营销实训云软件系统,跨境电商营销与运行决策模拟沙盘系统,创新创业项目打造平台,数字营销技术技能服务平台,商务大数据智能实训平台,创新创业教学实训平台",0.0,浙江广厦建设职业技术大学,学校,,东阳市鑫盛工程咨询有限公司,胡**-0579-86633123,珍岛信息技术（上海）股份有限公司 ,"中标人     18616990166 ,中标人     021-36521358 ,中标人     13122852597 ,李*     021-31265245 ",529100.0 496800.0 730000.0 200000.0,2022-08-30,浙江,金华,,,,https://www.zhiliaobiaoxun.com/content/356711839/b2,地址上海市静安区江场路1401弄31、32、33号5层,34 次,"1,851.05 万",21 家
东阳市鑫盛工程咨询有限公司关于浙江广厦建设职业技术大学国家电子商务虚拟仿真实验教学中心广厦大学分中心的中标结果公告,中标,中标结果,东阳市鑫盛工程咨询有限公司关于浙江广厦建设职业技术大学国家电子商务虚拟仿真实验教学中心广厦大学分中心的中标结果公告,,XSGYCG2022-2 10,"电子商务虚拟仿真实验教学中心广厦大学分中心,打磨平台,海外智能营销实训云软件系统,跨境电商营销与运行决策模拟沙盘系统,创新创业项目打造平台,数字营销技术技能服务平台,商务大数据智能实训平台,创新创业教学实训平台",0.0,浙江广厦建设职业技术大学,学校,,东阳市鑫盛工程咨询有限公司,胡**-0579-86633123,杭州石方信息科技有限公司 ,,529100.0 496800.0 730000.0 200000.0,2022-08-30,浙江,金华,,,,https://www.zhiliaobiaoxun.com/content/356711839/b2,地址浙江省杭州市余杭区经济技术开发区旺盛路8号3幢638室,2 次,150.0 万,1 家
杭州市乔司职业高级中学智能虚拟仿真焊接实训室设施设备采购项目的合同公告,中标,合同,杭州市乔司职业高级中学智能虚拟仿真焊接实训室设施设备采购项目的合同公告,,HYZFCGDL-2022-028,"智能虚拟仿真焊接实训室设施设备,集成式智能仿真焊接主机柜",619780.0,杭州市乔司职业高级中学,学校,张**-0571-56923310,杭州泓远工程咨询有限公司,,鑫瑞璟教育科技（杭州）有限公司 ,"中标人     13666698985 ,中标人     18868753435 ,中标人     15905819909 ,中标人     0572-28284940 ",619780.0,2022-08-29,浙江,杭州,,,,https://www.zhiliaobiaoxun.com/content/356302179/b2,地址浙江省杭州市余杭区良渚街道金恒路89号1幢518室-2,80 次,"7,281.19 万",27 家
浙江中创招投标有限公司关于宁波职业技术学院阳明学院3D打印实训室建设项目的中标(成交)结果公告,中标,中标结果,浙江中创招投标有限公司关于宁波职业技术学院阳明学院3D打印实训室建设项目的中标(成交)结果公告,,ZJZC-223253,"增材制造虚拟仿真考核平台,3D打印实训室建设项目,光固化桌面3D打印机,金属3D打印机",0.0,宁波职业技术学院,学校,陈**-0574-86891262,浙江中创招投标有限公司,张**-0574-87179082,天津博诺智创机器人技术有限公司 ,"中标人     022-88825290 ,中标人     18920875386 ,中标人     18222903527 ,中标人     022-8825290 ,中标人     15332175533 ",0.0 0.0 0.0 1961000.0,2022-08-29,浙江,宁波,,,,https://www.zhiliaobiaoxun.com/content/356371951/b2,地址天津市津南区北闸口镇高营路8号A区510-48,212 次,95.70 亿,88 家
浙江中创招投标有限公司关于宁波职业技术学院阳明学院3D打印实训室建设项目的中标(成交)结果公告,中标,中标结果,浙江中创招投标有限公司关于宁波职业技术学院阳明学院3D打印实训室建设项目的中标(成交)结果公告,,ZJZC-223253,"增材制造虚拟仿真考核平台,3D打印实训室建设项目,光固化桌面3D打印机,金属3D打印机",0.0,宁波职业技术学院,学校,陈**-0574-86891262,浙江中创招投标有限公司,张**-0574-87179082,杭州灿态信息技术有限公司 ,"中标人     0571-86950818 ,中标人     13868019588 ,中标人     15658050027 ",0.0 0.0 0.0 1961000.0,2022-08-29,浙江,宁波,,,,https://www.zhiliaobiaoxun.com/content/356371951/b2,地址浙江省杭州市拱墅区祥园路38号1幢西区3层302室,84 次,"2,394.47 万",24 家
浙江中创招投标有限公司关于宁波职业技术学院阳明学院3D打印实训室建设项目的中标(成交)结果公告,中标,中标结果,浙江中创招投标有限公司关于宁波职业技术学院阳明学院3D打印实训室建设项目的中标(成交)结果公告,,ZJZC-223253,"增材制造虚拟仿真考核平台,3D打印实训室建设项目,光固化桌面3D打印机,金属3D打印机",0.0,宁波职业技术学院,学校,陈**-0574-86891262,浙江中创招投标有限公司,张**-0574-87179082,浙江格创教育科技有限公司 ,中标人     0571-88319959 ,0.0 0.0 0.0 1961000.0,2022-08-29,浙江,宁波,,,,https://www.zhiliaobiaoxun.com/content/356371951/b2,地址浙江省杭州市拱墅区新文路33号4幢（3号楼）524室,31 次,"3,455.12 万",15 家
浙江中创招投标有限公司关于宁波职业技术学院阳明学院3D打印实训室建设项目的中标(成交)结果公告,中标,中标结果,浙江中创招投标有限公司关于宁波职业技术学院阳明学院3D打印实训室建设项目的中标(成交)结果公告,,ZJZC-223253,"增材制造虚拟仿真考核平台,3D打印实训室建设项目,光固化桌面3D打印机,金属3D打印机",0.0,宁波职业技术学院,学校,陈**-0574-86891262,浙江中创招投标有限公司,张**-0574-87179082,杭州中测科技有限公司 ,"中标人     18698585717 ,中标人     18657191678 ,陈**     13157179325 ,中标人     13588018656 ",0.0 0.0 0.0 1961000.0,2022-08-29,浙江,宁波,,,,https://www.zhiliaobiaoxun.com/content/356371951/b2,地址浙江省杭州市余杭区五常街道五常街道文一西路998号4幢605室,86 次,"6,263.9 万",42 家
嘉兴嘉兴南湖学院互联网+跨境电子商务速卖通虚拟仿真系统项目的成交结果公告,中标,中标结果,嘉兴嘉兴南湖学院互联网+跨境电子商务速卖通虚拟仿真系统项目的成交结果公告,,南湖采竞磋[2022]12号,虚拟仿真系统项目,166500.0,嘉兴南湖学院,学校,俞**-18357388718,浙江槿阳建设管理有限公司,吴**-13758072149,南京步惊云软件有限公司 ,"中标人     025-84208509 ,张**     18917199596 ,徐**     0516-83590287 ",166500.0,2022-08-26,浙江,嘉兴,,,,https://www.zhiliaobiaoxun.com/content/355444322/b2,地址南京市秦淮区中山南路230号201室,96 次,"1,590.26 万",59 家
虚拟仿真实验教学项目的合同公告,中标,合同,虚拟仿真实验教学项目的合同公告,,QSZB-Z（H）-B22271（GK）,虚拟仿真实验教学项目,159400.0,浙江外国语学院,学校,吴**-0571-88213026,浙江求是招标代理有限公司,,杭州逢坪教育科技有限公司 ,中标人     13625716851 ,159400.0,2022-08-25,浙江,杭州,,,,https://www.zhiliaobiaoxun.com/content/355334604/b2,地址浙江省杭州市临平区星桥街道星桥北路177号7幢338室,23 次,577.57 万,5 家
虚拟仿真实验教学项目的合同,中标,合同,虚拟仿真实验教学项目的合同,,,虚拟仿真实验教学项目,0.0,浙江外国语学院,学校,,,,杭州逢坪教育科技有限公司 ,中标人     13625716851 ,0.0,2022-08-25,浙江,,,,,https://www.zhiliaobiaoxun.com/content/355440173/b2,地址浙江省杭州市临平区星桥街道星桥北路177号7幢338室,23 次,577.57 万,5 家
